Padalinio pavadinimas ,"Kategorija, kodas, taisyklių punktas",Pirkimo Nr.,"Sutarties Nr., PVM sąskaitos Nr.",Suma,"Prekių, paslaugų, darbų pavadinimas",Tiekėjai
Teisės d-to Civilinės metrikacijos skyrius,16 paslaugų kategorija BVPŽ kodas 905131007,1,"2011-02-17 sutartis Nr. A64-3(3.10.22-FN4) UAB ""Ecoservice""",4065.6,Buitinių atliekų išvežimo paslaugos,"UAB ""Švarus miestas', UAB ""VSA Vilnius"", UAB ""Ecoservice"""
Personalo skyrius,24 paslaugų kategorija BVPŽ kodas 80522000-9,2,2011-01-17 PVM sąskaita faktūra Nr. 012925 VšĮ Respublikinis energetikų mokymo centras,819.00,"Seminaras ""Ypatingo statinio specialiųjų statybos darbų techninė priežiūra""",VšĮ Respublikinis energetikų mokymo centras
Personalo skyrius,24 paslaugų kategorija BVPŽ kodas 80522000-9,3,2011-01-14 PVM sąskaita faktūra MKC-000800 VšĮ Lietuvos savivaldybių asociacijos Mokymo ir konsultavimo centras,478,Seminaras -susitikimas savivaldybių finansų ir biudžeto padalinių vadovams,VšĮ Lietuvos savivaldybių asociacijos Mokymo ir konsultavimo centras
Personalo skyrius,24 paslaugų kategorija BVPŽ kodas 80522000-9,4,"2011-01-21 PVM sąskaita faktūra UAB ""Mokesčių srautas""",1161.60,"Seminaras ""Teisių gynimo mechanizmai viešuose pirkimuose""","UAB ""Mokesčių srautas"""
"Kultūros, sporto ir turizmo d-to Turizmo skyrius",13 paslaugų kategorija BVPŽ kodas 79341000-6,5,"2011-01-28 PVM sąskaita faktūra Nr. EKS 2011020 UAB ""Ekspobalta""",8904.00,Vilniaus miesto reklama  tarptautinėse turizmo parodose Lillestrome Ir Madride,"UAB ""Ekspobalta"""
Verkių seniūnija,BVPŽ kodas 45420000-7,6,"2011-02-07 sutartis Nr. A62-5(3.10.21-FN4) UAB ""Alvora""",3642.10,Verkių seniūnijos rinkimų apylinkių inventoriaus montavimo ir remonto darbai,"UAB ""Alvora"", UAB ""Stebulė"", UAB ""Agranga"""
Turto valdymo ir verslo paslaugų d-to Turto valdymo ir privatizavimo skyrius,12 paslaugų kategorija BVPŽ kodas 71410000-5,7,2011-02-11 sutartis Nr. A64-5(3.10.22-TR) VĮ Valstybės žemės fondas,9982.5,Miestų planavimo paslaugos,VĮ Valstybės žemės fondas
Informacinių technologijų skyrius,1 paslaugų kategorija BVPŽ kodas 50334140-8,8,,,Telefono remontas,
Naujosios Vilnios seniūnija,BVPŽ kodas 45420000-7,9,"2011-02-22 sutartis Nr. A62-21(3.10.21-FN4) UAB ""Priemiestis""",4583.48,Rinkimų apylinkių paruošimo darbai,"UAB ""Tavastis"", UAB ""Šarvas"", UAB ""Priemiestis"""
Vilkpėdės seniūnija,BVPŽ kodas 45420000-7,10,"2011-02-15 sutartis Nr. A62-11(3.10.21-FN4) UAB ""Avarija""",2798.33,Rinkimų apylinkių paruošimas,"UAB ""Avarija"", Valstybės  įmonė prie Pravieniškių 1-ųjų pataisos namų Vilniaus filialas, UAB 'Naujamiesčio būstas"""
Komunalinio ūkio d-to Energetikos ir statinių skyrius,1 paslaugų kategorija BVPŽ kodas 50750000-7,11,"2011-04-11 sutartis Nr. A64-28(3.10.22-UK) UAB ""Kone""",16988.4,Keltuvų neįgaliems techninė priežiūra,"UAB ""KONE, UAB ""Kauno liftai"", AB ""PUNTUKAS"", UAB ""Schindler-Liftas"""
Žirmūnų seniūnija,BVPŽ kodas 45420000-7,12,"2011-02-09 sutartis Nr. A62-7(3.10.21-FN4) UAB ""Greivis""",7390,Rinkimų apylinkių įrengimas,"UAB ""StatVilsta"", UAB ""Graivis"", UAB ""Metras"""
Grigiškių seniūnija,BVPŽ kodas 45420000-7,13,"2011-02-21 sutartis Nr. A62-18(3.10.21-FN4) UAB ""Grigiškių komunalinis ūkis""",1399.25,Rinkimų apylinkių įrengimas,"UAB ""Grigiškių komunalinis ūkis"", UAB ""Gedulis"", UAB 'Lentvario komunalinis ūkis"""
"Kultūros, sporto ir turizmo d-tas",BVPŽ kodas 03121210-0,14,"2011-03-01 PVM sąsk. faktūra Nr. 00004570 UAB ""Shishi"", 2011-03-30 PVM sąsk. faktūra Nr. 00004690 UAB ""Shishi"",  2011-05-05 PVM sąsk. faktūra Nr. 00004812 UAB ""Shishi"", 2011-08-04 PVM sąsk. faktūra Nr. 00005059 UAB ""Shishi"", 2011-09-05 PVM sąsk. faktūra Nr. 00005126 UAB ""Shishi"",  2011-10-03 PVM sąsk. faktūra Nr. 00005189 UAB ""Shishi"", 2011-11-02 PVM sąsk. faktūra Nr. 00005265 UAB ""Shishi"" ",8450.7,Gėlės,"UAB ""Shishi"", UAB ""Ogmėja"", UAB ""Florisima"""
"Kultūros, sporto ir turizmo d-tas",17 paslaugų kategorija BVPŽ kodas 55300000-3,15,"2011-01-31 PVM sąsk. faktūra Nr. 00573 UAB PATYS, 2011-02-03 PVM sąsk. faktūra Nr. 00575 UAB PATYS, 2011-02-28 PVM sąsk. faktūra Nr. 00583 UAB PATYS, 2011-02-28 PVM sąsk. faktūra Nr. 00584 UAB PATYS, 2011-03-01 PVM sąsk. faktūra Nr. 00585 UAB PATYS, 2011-03-31 PVM sąsk. faktūra Nr. 00592 UAB PATYS, 2011-03-31 PVM sąsk. faktūra Nr. 00593 UAB PATYS,  2011-04-29 PVM sąsk. faktūra Nr. 00602 UAB PATYS,  2011-04-29 PVM sąsk. faktūra Nr. 00604 UAB PATYS,  2011-05-23 PVM sąsk. faktūra Nr. 00610 UAB PATYS,  2011-05-23 PVM sąsk. faktūra Nr. 00611 UAB PATYS,  2011-05-31 PVM sąsk. faktūra Nr. 00616 UAB PATYS,  2011-05-31 PVM sąsk. faktūra Nr. 00615 UAB PATYS, 2011-06-02 PVM sąsk. faktūra Nr. 00622 UAB PATYS, 2011-06-30 PVM sąsk. faktūra Nr. 00625 UAB PATYS, 2011-07-29 PVM sąsk. faktūra Nr. 00631 UAB PATYS, 2011-08-31 PVM sąsk. faktūra Nr. 00632 UAB PATYS, 2011-09-13 PVM sąsk. faktūra Nr. 00637 UAB PATYS, 2011-09-30 PVM sąsk. faktūra Nr. 00641 UAB PATYS, 2011-11-30 PVM sąsk. faktūra Nr. 00656 UAB PATYS, 2011-12-01 PVM sąsk. faktūra Nr. 00658 UAB PATYS, 2011-12-05 PVM sąsk. faktūra Nr. 00659 UAB PATYS, 2011-12-30 PVM sąsk. faktūra Nr. 00666 UAB PATYS, 2011-08-31 PVM sąsk. faktūra Nr. 00633 UAB PATYS",3783.69,Svečių aptarnavimo paslaugos Savivaldybės administracinaime pastate,UAB PATYS
Pašilaičių seniūnija,BVPŽ kodas 45420000-7,16,"2011-02-17 sutartis Nr. A62-17(3.10.21-FN4) UAB ""PRO Racotech""",2122.86,6 rinkimų apylinkių Pašilaičių seniūnijos teritorijoje įrengimas 2011 m. Savivaldybių rinkimams,"UAB ""Pašilaita"", UAB ""Karoliniškių būstas"", UAB PRO RACOTECH"
Lazdynų seniūnija,BVPŽ kodas 45420000-7,17,"2011-02-15 sutartis Nr. A62-13(3.10.21-FN4) UAB ""Statvista""",3679.61,Rinkimų apylinkių parengimas savivaldybių tarybų rinkimams,"UAB ""Orgtechnika"", UAB ""City Cervice"", UAB ""Statvilsta"""
Šnipiškių seniūnija,BVPŽ kodas 45420000-7,18,"2011-02-22 sutartis Nr. A62-19(3.10.21-FN4) UAB ""Sportas ir mada""",1882.36,Rinkimų apylinkių paruošimas,"UAB ""Sportas ir mada"", UAB ""Baseta', UAB ""Dizaino centras"", UAB ""Agranga"""
Naujamiesčio seniūnija,BVPŽ kodas 45420000-7,19,"2011-02-25 sutartis nr. A62-26(3.10.21_FN4) UAB ""Eurorenovacijos""",3694.21,"2011 m. savivaldybių rinkimmams pasirengti apylinkėms inventoriaus remonto, atvežimo, sumontavimo, demontavimo paslaugos","UAB ""Avarija"", UAB ""Stebulė"", UAB ""Eurorenovacijos"""
Naujininkų seniūnija,BVPŽ kodas 45420000-7,20,"2011-02-17 sutartis Nr.A62-15(3.10.21-FN4) UAB ""Naujininkų ūkis""",5585,Rinkimų apylinkių įrengimas,"UAB ""Naujininkų ūkis"", UAB ""Micaras"", UAB ""Senovė"""
Personalo skyrius,24 paslaugų kategorija BVPŽ kodas 80522000-9,21,"2011-01-27 PVM sąskaita faktūra Nr. 1472 UAB ""Espertų mugė""",1016.4,"Seminaras ""Viešieji pirkimai - pakeitimai, klaidos, sutartys""","UAB ""Espertų mugė"""
Personalo skyrius,24 paslaugų kategorija BVPŽ kodas 80522000-9,22,"2011-02-03 PVM sąskaita faktūra Nr. 1495 UAB ""Ekspertų mugė""",677.6,"Seminaras ""Viešųjų pirkimų teisinio reglamentavimo pokyčiai""","UAB ""Ekspertų mugė"""
Karoliniškių seniūnija,BVPŽ kodas 45420000-7,23,"2011-02-14 sutartis Nr. A62-9(3.10.21-FN4) UAB ""Stebulė""",4100.00,Rinkimų apylinkių įrengimo darbai,"UAB ""Lentvario komunalinis ūkis"", UAB ""Vilniaus Zunda', UAB ""Stebulė"""
Žvėryno seniūnija,BVPŽ kodas 45420000-7,24,"2011-02-14 sutartis A62-10(3.10.21-FN4) UAB ""Avarija""",2297.87,5 rinkiminių apylinkių įrengimo darbai,"UAB ""Jurita"", UAB ""Avarija', UAB ""Naujamiesčio būstas"""
Socialinių reikalų ir sveikatos d-tas ,15 paslaugų kategorija BVPŽ kodas 78000000-7,25,"2011-09-05 PVM sąskaita faktūra Nr. 0044437 UAB ""Lietuvos žinios"", 2011-08-25 PVM sąskaita faktūra Nr. 0044145 UAB ""Lietuvos žinios"", 2011-08-12 PVM sąskaita faktūra Nr. 00439065 UAB ""Lietuvos žinios"", 2011-07-28 PVM sąskaita faktūra Nr. 0043638 UAB ""Lietuvos žinios"", 2011-07-08 PVM sąskaita faktūra Nr. 0043248 UAB ""Lietuvos žinios"", 2011-08-05 PVM sąskaita faktūra Nr. 0043806 UAB ""Lietuvos žinios"", 2011-06-22 PVM sąskaita faktūra Nr. 0042844 UAB ""Lietuvos žinios"", 2011-06-13 PVM sąskaita faktūra Nr. 0042549 UAB ""Lietuvos žinios"", 2011-06-13 PVM sąskaita faktūra Nr. 0042549 UAB ""Lietuvos žinios"", 2011-06-08 PVM sąskaita faktūra Nr. 0042431 UAB ""Lietuvos žinios"", 2011-06-01 PVM sąskaita faktūra Nr. 0042254 UAB ""Lietuvos žinios"", 2011-05-16 PVM sąskaita faktūra Nr. 0041703 UAB ""Lietuvos žinios"", 2011-05-05 PVM sąskaita faktūra Nr. 0041397 UAB ""Lietuvos žinios"", 2011-05-06 PVM sąskaita faktūra Nr. 0041443 UAB ""Lietuvos žinios"", 2011-04-21 PVM sąskaita faktūra Nr. 0040918 UAB ""Lietuvos žinios"", 2011-04-18 PVM sąskaita faktūra Nr. 0040774 UAB ""Lietuvos žinios"", 2011-04-01 PVM sąskaita faktūra Nr. 0040238 UAB ""Lietuvos žinios"", 2011-04-01 PVM sąskaita faktūra Nr. 0040239 UAB ""Lietuvos žinios"", 2011-03-21 PVM sąskaita faktūra Nr. 0039845 UAB ""Lietuvos žinios"", 2011-03-09 PVM sąskaita faktūra Nr. 0039554 UAB ""Lietuvos žinios"", 2011-03-07 PVM sąskaita faktūra Nr. 0039458 UAB ""Lietuvos žinios"", 2011-03-04 PVM sąskaita faktūra Nr. 0039407 UAB ""Lietuvos žinios"", 2011-02-24 PVM sąskaita faktūra Nr. 0039084 UAB ""Lietuvos žinios"", 2011-02-28 PVM sąskaita faktūra Nr. 0039212 UAB ""Lietuvos žinios"", 2011-02-25 PVM sąskaita faktūra Nr. 0039110 UAB ""Lietuvos žinios"", 2011-02-03 PVM sąskaita faktūra Nr. 0038509 UAB ""Lietuvos žinios"", ",2230.46,"Spausdinimo, leidybos paslaugos","UAB ""Lietuvos rytas"", UAB 'Lietuvos žinios"", UAB ""Vakaro žinios"""
Justiniškių seniūnija,BVPŽ kodas 45420000-7,26,"2011-02-17 sutartis Nr.A62-16(3.10.21-FN4) UAB ""Pašilaita""",2776.85,6 rinkimų apylinkių atnaujinimo ir įrengimo darbai,"UAB ""Pašilaita"", UAB ""Graivis"", UAB ""Litmilma"""
Senamiesčio seniūnija,BVPŽ kodas 45420000-7,27,"2011-02-15 sutartis Nr. A62-12(3.10.21-FN4) UAB ""Senamiesčio ūkis""",3033.87,7 rinkimų apylinkių įrengimo darbai ,"UAB 'Naujininkų ūkis"""
Pilaitės seniūnija,BVPŽ kodas 45420000-7,28,"2011-02-22 sutartis Nr. A62-20(3.10.21-FN4) UAB ""LS ir co statyba""",2175,Savivaldybių rinkimų apylinkių įrengimo darvbai,"UAB ""Naujoji Pilaitė', UAB ""Medlain"", UAB ""LS ir Co statyba'"
Panerių seniūnija,BVPŽ kodas 45420000-7,29,"2011-02-23 sutartis Nr. A62-23(3.10.21-FN4) UAB ""Stebulė""",1370,Rinkimų apylinkių įrengimas,"UAB ""Grigiškių komunalinis ūkis"", UAB ""Stebulė"""
Šeškinės seniūnija,BVPŽ kodas 45421000-4,30,"2011-02-23 sutartis Nr. A62-24(3.10.21-FN4) UAB ""Stebulė""",3695,"Rinkimų apylinkių įrangos montavimas, remontas, išmontavimas","UAB ""Vilniaus zunda"", UAB ""Stebulė"""
Fabijoniškių seniūnija,BVPŽ kodas 45421000-4,31,"2011-02-15 sutartis Nr. A62-14(3.10.21-FN4) UAB ""Srėdė""",4192.65,Rinkimų apylinkių įrengimas,"UAB ""Stebulė"", UAB ""Fabeta"", UAB ""Srėdė"" ir Ko"
Rinkodaros ir viešųjų ryšių skyrius,13 paslaugų kategorija BVPŽ kodas 7934100076,32,"2011-03-30 PVM sąskaita faktūra Nr. 0070 UAB ""Magu""",8470,Konsultavimo paslaugos miesto įvaizdžio kūrimo klausimais,"UAB ""Magu"", UAB ""Business development"", UAB ""Prime partner"""
"Kultūros, sporto ir turizmo d-to Turizmo skyrius",13 paslaugų kategorija BVPŽ kodas 79341000-6,33,"2011.02.21 PVM sąsklaita faktūra Nr. EKS 2011034 UAB ""Ekspobalta""",9025,Vilniaus miesto reklama  tarptautinėse turizmo parodose Tel Avive ir Milane,"UAB ""Ekspobalta"""
Žvėryno seniūnija,BVPŽ kodas 09123000-7,34,"2011-03-23 sutartis Nr. A68-4(3.10.23-FN4) AB ""Lietuvos dujos""",9990,Gamtinių dujų tiekimas,"UAB ""Dujotekana"", AB ""Lietuvos dujos"""
Antakalnio seniūnija,BVPŽ kodas 45420000-7,35,"2011-02-25 sutartis Nr. A62-25(3.10.21-FN4) UAB ""Bobkatas""",4546.24,Rinkimų apylinkių įrengimas,"UAB 'Bobkatas"", UAB ""Antakalnio ūkis"", UAB ""Stebulė"""
Viršuliškių seniūnija,BVPŽ kodas 45420000-7,36,"2011-02-24 sutartis Nr. A64-15 (3.10.21-FN4) UAB ""Nekilnojamojo turto plėtros grupė""",2151.63,Rinkimų apylinkių įrengimas,"UAB ""Viršuliškių būstas"", UAB ""Nekilnojamojo turto plėtros grupė"", UAB ""Stebulė"""
Rasų seniūnija,BVPŽ kodas 45420000-7,37,"2011-02-22 sutartis Nr. A62-22(3.10.21-FN4) UAB ""Statvilsta""",1377.57,Rinkimų apylinkių įrengimas,"UAB ""Statvilsta"", UAB ""Orgtechnika"", G.Liugos IĮ"
Verkių seniūnija,BVPŽ kodas 1580000-6,38,2011-03-01 PVM sąskaita faktūra Nr. 0030 G. Zinkevičienės PĮ,3984.53,Įvairūs maisto produktai Verkių seniūnijos renginiams organizuoti,"R. Saulienės PĮ, UAB ""Lukre"", G. Zinkevičienės PĮ"
Informacinių technologijų skyrius,BVPŽ kodas 30200000-1,39,"2011-02-28 sutartis Nr.A68-3(3.10.23-FN4) UAB ""ATEA""",6376.7,Nešiojamo kompiuterio pirkimas,"UAB ""Atea"", UAB ""Novocore"""
Verkių seniūnija,BVPŽ kodas 22325000-1,40,"2011-07-07 PVM sąskaita faktūra Nr.A55-5445, 2011-12-14 PVM sąskaita faktūra Nr.A55-10713",400.1,Verkių seniūnijos renginių nuotraukų pirkimas,"UAB ""Spiktra"", UAB ""Fotofabrikas"", UAB ""Fotoprizmė"""
Verkių seniūnija,BVPŽ kodas 03121200-7,41,"2011-03-07 PVM sąskaita faktūra Nr. A55-1899 UAB ""A-Flora""",266.20,Skintos gėlės Verkių seniūnijos renginiams,"UAB ""Žiežmarių gėlės"", UAB ""Nustebink"", UAB ""Floriada"", UAB ""A-Flora'"
Verkių seniūnija,26 paslaugų kategorija BVPŽ kodas 92300000-4,42,"2011-02-23 sutartis Nr. A64-13(3.10.22-FN4) VĮ ""Tvarios raidos inovacijų pilietinis forumas""",800,Verkių seniūnijos Užgavėnių šventės organizavimo paslaugos,"Baltupių savivaldos centras ""Cederonas"", VĮ ""Tvarios raidos inovacijų pilietinis forumas"", Labdaros ir paramos fondas "" AMUS"""
Lazdynų seniūnija,16 paslaugų kategorija BVPŽ kodas 90121200-3,43,Nutrauktas pirkimas,,Komunalinių atliekų vežimas iš Lazdynų turgavietės ,"UAB ""Atliekų tvarkymo tarnyba"", UAB ""Ecoservice"", UAB ""Veolia Environmental Services Lietuva"""
Personalo skyrius,24 paslaugų kategorija BVPŽ kodas 80522000-9,44,2011-02-21 PVM sąskaita faktūra Nr. 0110414,320,"Seminaras ""Administracinių teisės pažeidimų kodekso pakeitimai 2011-01-01""",Finansų ministerijos mokymų centras
"Kultūros, sporto ir turizmo d-to Turizmo skyrius",13 paslaugų kategorija BVPŽ kodas 79341000-6,45,2011-03-21 PVM sąskaita faktūra Nr. EKS 2011070,6000,Vilniaus miesto reklama tarptautinėje turizmo parodoje Berlyne,"UAB ""Ekspobalta"""
"Kultūros, sporto ir turizmo d-to Turizmo skyrius",13 paslaugų kategorija BVPŽ kodas 79341000-6,46,2011-03-21 PVM sąskaita faktūra Nr. EKS 2011071,9041,Vilniaus miesto reklama tarptautinėse turizmo parodose Paryžiuje ir Maskvoje,"UAB ""Ekspobalta"""
Personalo skyrius,24 paslaugų kategorija BVPŽ kodas 80522000-9,47,2011-03-03 PVM sąskaita faktūra Nr. 006113,"2,425.00","Seminaras ""Seniūnijos veiklos programa: rengimas, vykdymas, kontrolė""","Valstybės ir savivaldybių tarnautojų mokymo centras ""Dainava"""
Komunalinio ūkio d-to Miesto tvarkymo skyrius,BVPŽ kodas 45262640-9,48,"2011-05-18 sutartis Nr. A62-32(3.10.21-UK0 UAB ""Stebulė""",300000,Vilniaus miesto teritorijų aplinkos gerinimo darbai (savavališkų sąvartynų sutvarkymas),"UAB ""Gamtovaizdis"", UAB ""Stebulė"", UAB ""VSA Vilnius"""
Šnipiškių seniūnija,26 pslaugų kategorija BVPŽ kodas 92000000-1,49,"2011-03-07 sutartis Nr. A64-18(3.10.22-FN4) VšĮ ""Raitija""",2952.1,Bendruomenės veikla (Užgavėnių šventė),"VšĮ ""Raitija"", Gervėčių klubas, Lietuvos skautų sąjunga"
Naujosios Vilnios seniūnija,BVPŽ kodas 4526290-9,50,"2011-08-08 sutartis Nr. A62-79(3.10.21-FN4) UAB ""Gedulis""",19905.71,Vaikų žaidimo aikštelių ir sporto aikštelių įrengimo ir remonto darbai,"UAB ""Menhiras"", UAB ""Gedulis"", UAB ""Languvita"""
Naujosios Vilnios seniūnija,BVPŽ kodas 15800000-6,51,"2011-06-24 PVM sąskaita faktūra Nr. 00146, 2011-09-10 PVM sąskaita fatūra Nr. 00150",990,"Vaišės renginio svečiams (Paparčio žiedas, Europos gatvės mugė)","A. Rusakevičienės I Į, Danutės Nekraševič I Į, l. Žukovskajos I Į"
Naujosios Vilnios seniūnija,26 paslaugų kategorija BVPŽ kodas 92300000-4,52,"2011-04-13 sutartis Nr. A64-29(3.10.22-FN4) BĮ ""Naujosios Vilnios kultūros centras"" ",7489,"Kalėdų, Joninių, Europos gatvės mugės švenčių organizavimo paslaugos","Kirtimų kultūros centras, Grigiškių kultūros centras, Naujosios Vilnios kultūros centras"
Informacinių technologijų skyrius,BVPŽ kodas 32252000-4,53,"2011-06-02 A68-10(3.10.23-FN4) UAB ""Omnitel""",100000,Mobiliųjų telefonų aparatų pirkimias,"UAB ""Omnitel"""
Personalo skyrius,24 paslaugų kategorija BVPŽ kodas 80522000-9,54,2011-03-15 sąskaita faktūra Nr.006270,500,"Seminaras ""Savivaldos rinkimų rezultatų aptarimas""","Valstybės ir savivaldybių tarnautojų mokymo centras ""Dainava"""
Užsienio ryšių skyrius,BVPŽ kodas 22110000-4,55,"2011-03-22 sąskaita faktūra Nr.03/22/1 V.O. ""Mūsų dialogas"", 2011-04-21 PVM sąskaita faktūra Nr. 0006888 R. Paknio leidykla, 2011-04-21 PVM sąskaita faktūra Nr. 0250 PĮ ""Infonila""",8859.41,Knygos,"V.O. ""Mūsų dialogas"",  PĮ ""Infonila"", R. Paknio leidykla"
Personalo skyrius,24 paslaugų kategorija BVPŽ kodas 80522000-9,56,2011-04-18 PVM sąskaita faktūra Nr. 12397,726,"Seminaras ""Ypatingo statinio bendrosios statiniostatybos techninės priežiūros vadovo (statinių grupės: susisiekimo komunikacijos; keliai, keliai (gatvės) atestato pratęsimas)""","Asociacija ""Lietuvos keliai"""
Personalo skyrius,24 paslaugų kategorija BVPŽ kodas 80522000-9,57,2011-03-18 PVM sąskaita faktūra Nr. 0000758,180,"Seminaras ""Želdynų krimo patirtis ir tendencijos; pasaulinė ir kaimyninių šalių praktika""",Kauno miškų ir aplinkos inžinerijos kolegija
Personalo skyrius,24 paslaugų kategorija BVPŽ kodas 80522000-9,58,2011-03-24 sąskaita faktūra Nr. 0006058,700,Ypatingo statinio projekto vadovo atestato pratęsimas (parengimo atestacijai kursai),VGTU Kokybės vadybos centras
Personalo skyrius,24 paslaugų kategorija BVPŽ kodas 80522000-9,59,2011-03-17 sąskaita faktūra Nr. 11-001,720,Profesinių žinių patikrinimo egzaminas projekto vadovams,Lietuvos statybos inžinierių sąjunga
Informacinių technologijų skyrius,BVPŽ kodas 30200000-1,60,"2011-05-23 sutartis Nr. A68-9(3.10.23-FN4) UAB ""Interdata""",2299,SSL sertifikatų pirkimas,"UAB ""Skaitmeninio sertifikavimo centras"", UAB ""Sisteminio administravimo technologijos ir įranga"", UAB ""Interdata"", UAB ""Interneto vizija"""
Karoliniškių seniūnija,26 paslaugų kategorija BVPŽ kodas 92300000-4,61,2011-06-09 sutartis Nr. 64-59(3.10.22-FN4) Karoliniškių bendruomenė,9900,Karoliniškių bendruomenės renginių organizavimas,"VšĮ ""LILIBRA"", Karoliniškių bendruomenė, VšĮ ""Ketvirta versija"""
Karoliniškių seniūnija,BVPŽ kodas 45233200-1,62,"2011-08-09 sutartis Nr. A62-82(3.10.21-FN4) UAB ""Stebulė",13000,"Šaligatvių, pėsčiųjų takų ir kitų kietų dangų, laiptų remonto darbai","UAB ""Stebulė"", UAB ""Vilniaus zunda"", UAB ""Trajana"""
Švietimo d-tas ,BVPŽ kodas 30197620-8,63,"2011-04-20 PVM sąskaita faktūra UAB ""IN Flexum""",1849.49,A3 formato popierius langeliais ir linijomis socialinis pirkimas,"UAB ""LODVILA"", UAB ""In Flexum"", UAB ""Smiltainis ir Ko"""
Švietimo d-tas ,2 paslaugų kategorija BVPŽ kodas 60120000-5,64,"2011-05-06 sutartis Nr. 64-35(3.10.22_ŠV) UAB ""Martono taksi""",9075,Taksi paslaugos egzaminų medžiagai vežioti,"UAB ""Martono taksi"", UAB ""Merselita"""
Aprūpinimo skyrius,27 paslaugų kategorija BVPŽ kodas 922300-2,65,"2011-04-22 sutartis Nr. A64-30(3.10.22-BR) UAB ""Vinita""",726,Kabelinės televizijos paslaugos Savivaldybės administraciniame pastate Konstitucijos pr. 3,"UAB ""Vinita"", UAB ""Viginta"", UAB ""Mikrovisatos TV"""
Aprūpinimo skyrius,14 paslaugų kategorija BVPŽ kodas 90914000-7,66,"2011-04-22 sutartis Nr. A64-3(3.10.22-BR) UAB ""Clean Solutions""",1999,"Savivaldybės administracinio patato, Konstitucijos pr. 3, požeminio garažo valymo paslaugos","UAB ""Clean Solutios"", UAB ""Ainava"", UAB ""Ideali švara"", UAB ""Dussmann Servise"", UAB ""Amvista"""
Aprūpinimo skyrius,1 paslaugų kategorija BVPŽ kodas 50710000-5,67,"2011-07-21 sutartis Nr. A64-85(3.10.22-FN4) UAB ""Svelita""",13865,"Savivaldybės administracinio pastato, Konstitucijos per. 3, Vilnius, dviejų karuselinių durų remontas ir derinimas","Bendra Lietuvos - Švedijos įmonė UAB ""SveLita"""
Komunalinio ūkio d-to Infrastruktūros skyrius,BVPŽ kodas 45262310-7,68,"2011-07-18 sutartis Nr. A62-66(3.10.21-UK) UAB ""Vilniaus Rentinys""","54,219.60",Atraminės sienutės M.K.Paco g. kapitalinis remontas (avarinės būklės likvidavimas),"UAB ""Vilniaus Rentinys"""
Karoliniškių seniūnija,BVPŽ kodas 45236119-7,69,"2011-11-08 sutartis Nr. A62-118(3.10.21-FN4) UAB ""SRĖDĖ ir KO""","5,121.20 Lt",Sporto aikštelių remonto darbai,"UAB ""Srėdė"" ir ko, UAB ""ADMI"", UAB ""a.CONS"""
Karoliniškių seniūnija,BVPŽ kodas 45112700-2,70,"2011-08-09 sutartis Nr. A62-83(3.10.21-FN4) UAB ""Stebulė",11000,"Želdynų, skverų, gėlynų atnaujinimo darbai ir naujų įrengimo darbai","UAB ""Stebulė', UAB ""Vilniaus zunda"", UAB ""Jūsų sodai"""
Karoliniškių seniūnija,BVPŽ kodas 45236290-9,71,"2011-08-09 sutartis Nr. A62-81(3.10.21-FN4) UAB ""Aiža""",9986.49,"Medinių, metalinių vaikų žaidimo aikšteklių, suoliukų remonto darbai","UAB ""Julsata"", UAB ""ADMI"", UAB ""Aiža"", UAB ""StatVilsta"""
Personalo skyrius,24 paslaugų kategorija BVPŽ kodas 80522000-9,72,2011.04.05 PVM sąskaita faktūra Nr. 006332,1455,"Seminaras ""Seniūnijos veiklos programa; rengimas, vykdymas, kontrolė""","VšĮ Valstybės ir savivaldybių tarnautojų mokymo centras ""Dainava"""
"Kultūros, sporto ir turizmo d-to Kultūros ir meno skyrius",24 paslaugų kategorija BVPŽ kodas 80521000-2,73,"2011-06-03 sutartis Nr. A64-54(3.10.22-KL) UAB ""Emsa""",9600,Projekto DanceLab darbinių susitikimų organizavimas,"VšĮ ""Projektų akademija"", UAB ""Emsa"", UAB ""Ikolta"""
"Kultūros, sporto ir turizmo d-to Kultūros ir meno skyrius",11 paslaugų kategorija BVPŽ kodas 79416200-5,74,2011-05-10 sutartis Nr. A64-37(3.10.22-ŠV) Vytautas Kardelis,9900,"ES finansuojamo projekto ""Kūrybinis metropolis"" konsultavimo paslaugos","Vytautas Kardelis, Jūratė Kumetaitienė, Laimutė Meleišytė"
Tarybos sekretoriato Rinkodaros ir viešųjų ryšių skyrius,13 paslaugų kategorija BVPŽ kodas 79340000-9,75,"2011-04-06 sutartis Nr. A64-26(3.10.22-FN4) UAB ""Lietuvos rytas""",9999.44,Savivaldybės reklama informaciniame leidinyje,"UAB ""Lietuvos rytas"""
"Kultūros, sporto ir turizmo d-to Turizmo skyrius",13 paslaugų kategorija BVPŽ kodas 79341000-6,76,2011-04-14 saskaita faktūra Nr. WTM2011,7000,Vilniaus miesto reklama tarptautinėje turizmo parodoje Londone (Jungtinė karalystė),"UAB ""Ekspobalta"""
Lazdynų seniūnija,16  kategorija                      BVPŽ kodas 90512000-9                 ,77,"2011-04-07 sutartis Nr. A64-27(3.10.22-FN) UAB ""Atliekų tvarkymo tarnyba""",2999.59,Atliekų vežimas iš Lazdynų turgavietės Archtektų g. 19,"UAB ""Ecoservice"", UAB ""VSA Vilnius"", UAB ""Švarus miestas"", UAB ""Atliekų tvarkymo tarnyba"""
Personalo skyrius,24 paslaugų kategorija BVPŽ kodas 80522000-9,78,2011-04-12 PVM sąskaita faktūra Nr. 0006161,600,Statinio projekto vadovų kvalifikacijos kėlimo seminaras,VšĮ VGTU Kokybės vadybos centras
Personalo skyrius,24 paslaugų kategorija BVPŽ kodas 80522000-9,79,2011-04-08 PVM sąskaita faktūra Nr. 110345,2500,Administracinės atsakomybės taikymas už administracinius teisės pažeidimus,"UAB ""Ekonomikos mokymo centras"""
"Kultūros, sporto ir turizmo d-to Turizmo skyrius",13 paslaugų kategorija BVPŽ kodas 79341000-6,80,"2011-04-14 sąskaita faktūra Nr. TOUR SALON UAB ""Ekspobalta""",3400,Vilniaus miesto reklama tarptautinėje turizmo parodoje Poznanėje (Lenkija),"UAB ""Ekspobalta"""
Bendrųjų reikalų departamento Aprūpinimo skyrius,BVPŽ kodas 45454000-4                                                                        ,81,atmesti pasiūlymai,,Pertvarkymo darbai,"AB ""Panevėžio statybos trestas"", UAB ""Aulaukis"", UAB ""GlassWork"""
Antakalnio seniūnija,BVPŽ kodas 09123000-7,82,"2011-05-19 sutartis Nr. A68-8(3.10.23-FN4) AB ""Lietuvos dujos""",8470,Gamtinės dujos,"AB ""Lietuvos dujos"""
Viršuliškių seniūnija,BVPŽ kodas 45261910-6,83,"2011-05-13 sutartis Nr. A62-29(3.10.21-FN4) UAB ""Ekolitas""",19945.46,Seniūnijos pastato stogo remontas,"UAB ""Samuolis"", UAB ""Vilbosta"", UAB ""Ekolitas"", UAB ""Zukra"""
Bendrųjų reikalų departamentas,BVPŽ kodas 45262690-4,84,"2011-07-22 sutartis Nr. A62-68(3.10.21-FN4) UAB ""Tavastis""",42475.24,Katilinės pastato V.A. Graičiūno g. 20 remonto darbai,"UAB ""Tavastis"", UAB ""Statremo"", UAB ""Topdanga"""
Šeškinės seniūnija,BVPŽ kodas 44510000-8,85,nutauktos pirkimo procedūros,,"Įrankiai, higienos ir apsauginės priemonės viešųjų darbų programai vykdyti","AB firma ""Agrotiekimas"""
Komunalinio ūkio d-tas,BVPŽ kodas 45340000-2,86,atmesti pasiūlymai,,Iškiliųjų perėjų su asfaltbetonio danga įrengimas,"UAB ""Lemminkainen Lietuva"", UAB ""Akordas-1"""
Lazdynų seniūnija,BVPŽ kodas 45236290-9,87,"2011-07-28 sutartis Nr. A62-71(3.10.21-FN4) UAB ""OSTAS""","20,000.00",Vaikų žaidimo ir sporto aikštelių remontas,"UAB ""StatVilsta"", UAB ""Ostas"", UAB ""Zirmuva"""
Personalo skyrius,24 paslaugų kategorija BVPŽ kodas 80522000-9,88,2011-04-13 PVM sąskaita faktūra Nr. 110376,725,"Seminaras ""Elektroniniai dokumentai organizacijose: jų apyvarta, archyvavymas, teisinis reglamentavimas","UAB ""Ekonomikos mokymo centras"""
Personalo skyrius,24 paslaugų kategorija BVPŽ kodas 80522000-9,89,2011-04-28 sąskaita faktūra Nr. 0397,300,Praktiniai lietuvių kalbos redagavimo kursai,"Kalbos praktikos centras ""Lingua Lituanica"""
Komunalinio ūkio d-tas ,BVPŽ kodas 45233252-0,90,Nebus perkama,,Šviesoforų įrengimas Savanorių pr. ir Sausupio gatvės sankryžoje,
Pilaitės seniūnija,BVPŽ kodas 45236290-9,91,"2011-06-02 sutartis Nr. A62-42(3.10.21-FN4) UAB ""ADMI'",19900.01,"Vaikų žaidimo aikštelių, sporto aikštelių ir suoliukų remontas","UAB ""Admi"", UAB ""Stelalita"", UAB ""Statvilsta"""
Civilinės saugos ir viešosios tvarkos d-to Civilinės saugos skyrius,BVPŽ kodas 44482100-3,92,nutrauktas pirkimas,,Vidaus gaisrinio vandentiekio gaisro gesinimo žarnų su švikštais ir jų laikymo dėžėmis pirkimas valstybės rezervo sandėliuose Nemenčinėje,
Vilkpėdės seniūnija,BVPŽ kodas 45233200-1,93,"2011-05-20 sutartis Nr. A62-35(3.10.21-FN4) UAB ""Grinda""",18001.17,Asfalto dangos remontas,"UAB ""Grinda"", UAB ""Stebulė"""
Vilkpėdės seniūnija,BVPŽ kodas 45236119-7,94,"2011-08-03 sutartis Nr. A62-76(3.10.21-FN4) UAB ""Avarija""",4195.97,Sporto aikštelių remonto darbai,"UAB ""Aiža"", UAB ""Avarija"", UAB ""Vigbada"""
Vilkpėdės seniūnija,BVPŽ kodas 45262640-9,95,"2011-05-20 sutartis Nr. A62-34(3.10.21-FN4) UAB ""Stebulė""",16000,Šaligatvių ir laiptų remonto darbai,"UAB ""Grinda"", UAB ""Stebulė"""
Komunalinio ūkio d-tas,BVPŽ kodas 45262640-9,96,"2011-06-09 sutartis Nr.A62-46(3.10.21-UK) UAB ""Baltijos pašvaistė""",49503.52,Lukiškių a. suolų remontas,"UAB ""Baltijos pašvaistė"""
Lazdynų seniūnija,BVPŽ kodas 45453100-8,97,"2011-10-04 sutartis Nr. A62-109(3.10.21-FN4) UAB ""Stebulė""",20000,"Seniūnijos teritorijoje esančių laiptų, turėklų, šaligatvių ir suolų remontas","UAB ""Grinda"", UAB ""Kerista"", UAB ""Statvilsta"", UAB ""Stebulė"""
Grigiškių seniūnija,1 palaugų kategorija BVPŽ kodas 50700000-2,98,"2011-06-09 sutartis Nr. A64-61(3.10.22-FN) UAB ""Grigiškių komunalinis ūkis""","7,408.80",Grigiškių seniūnijos patalpų administravimas,"UAB ""Grigiškių komunalinis ūkis"", UAB ""Jurita"", UAB ""Naujininkų ūkis"""
Grigiškių seniūnija,26 paslaugų kategorija BVPŽ kodas 92300000-4,99,2011-05-17 sutartis Nr. A64-38(3.10.22-FN4) Kristina Zenkevič,1790,Bendradarbiavimo 10-mečiui skirtos šventės Grigiškėse organizavimas,"Kristina Zenkevič, Robertas Petkevičius, Danutė Umbrasienė"
Grigiškių seniūnija,16 paslaugų kategorija BVPŽ kodas 90512000-9,100,"2011--05-18 sutartis Nr. A64-42(3.10.22-FN4) UAB ""Atliekų tvarkymo tarnyba""",1493.28,Komunalinių atliekų išvežimas,"UAB ""Atliekų tvarkymo tarnyba"", UAB ""Ecoservice"", UAB ""A.S.A Vilnius"""
Šnipiškių seniūnija,BVPŽ kodas 45233200-1,101,"2011-05-17 sutartis Nr. A62-31(3.10.21-FN4) UAB ""Akordas 1""",19998,Kiemų (įvažiavimų) asfalto dangos darbai,"UAB ""Akordas"", UAB ""Kerista"", UAB ""Grinda"""
Viršuliškių seniūnija,26 paslaugų kategorija BVPŽ kodas 92300000-4,102,"2011-06-17 sutartis Nr. A64-70(3.10.22-FN4) UAB ""Socialinis institutas""",9999,"Viršuliškių bendruomenės švenčių, spektaklių ir sporto renginių organizavimas","VšĮ ""Nepriklausomi projektai"", UAB ""Socialinis institutas"", Reginos Leonienės individuali įmonė"
Grigiškių seniūnija,17 paslaugų kategorija BVPŽ kodas 55270000-3,103,2011.05.18 sutartis Nr. A64-41(3.10.22-FN4) Boleslav Leščinskij,2688,Svečių apgyvendinimas ir maitinimas,"Boleslav Leščinskij, VšĮ ""Vilnvarsa"""
Šnipiškių seniūnija,BVPŽ kodas 45236290-9,104,"2011-06-30 sutartis Nr. A62-65(3.10.21-FN4) UAB ""Statvilsta""",8329.04,Vaikų žaidimo ir sporto aikštelių remontas,"UAB ""StatVilsta"", UAB ""Stebulė"", UAB ""Aiža"""
Senamiesčio seniūnija,BVPŽ kodas 45236290-9,105,"2011-05-06 sutartis Nr. 62-28(3.10.21-FN4) UAB ""Alzeta""",12402.06,Poilsio zonų remonto darbai (vaikų žaidimo ir sporto aikštelių atnaujoinimas),"UAB ""Kekopolis"", UAB ""Alzeta"", UAB ""Tieksta"""
Grigiškių seniūnija,BVPŽ kodas 45236290-9,106,"2011-07-28 sutartis Nr. A62-72(3.10.21-FN4) UAB ""Aiža""","7,993.81","Vaikų žaidimo aikštelių, suoliukų remontas ir įrengimas","J.Mateikos firma ""Midogė"", UAB ""Aiža"", UAB ""Julsata"""
Grigiškių seniūnija,BVPŽ kodas 45112700-2,107,"2011-05-30 sutartis Nr. A62-39(3.10.21-FN4) UAB ""Grigiškių komunalinis ūkis""",4983.24,Gėlynų įrengimas ir priežiūra,"UAB ""Grigiškių komunalinis ūkis"", UAB ""Aketonas"", UAB ""Landšafto dizainas"""
Pašilaičių seniūnija,BVPŽ kodas 4523690-9,108,"2011-06-20 sutartis Nr. A62-53(3.10.21-FN4) UAB ""Aiža""",13331.06,"Metalinių vaikų žaidimo aikštelių, sporto aikštelių elementų ir suoliukų remonto darbai","UAB ""Aiža"", UAB ""Pažangi statyba< UAB ""Domipa"", UAB ""Vožtuva"", UAB ""Ismonys"", UAB ""Statvilsta"""
Pašilaičių seniūnija,BVPŽ kodas 45236290-9,109,"2011-06-27 sutartis Nr. A62-54(3.10.21-FN4) UAB ""Vožtuva""",19651.6,"Medinių vaikų žaidimo aikštelių, sporto aikštelių elementų ir suoliukų remonto darbai","UAB ""Aiža"", UAB ""Pažangi statyba"", UAB ""Domipa"", UAB ""Vožtuva"", UAB ""Ismonys"", UAB ""Statvilsta"""
"Kultūros, sporto ir turizmo d-to Kūno kultūros ir sporto skyrius",BVPŽ kodas 03121210-0,110,"2011-06-23 PVM sąsk. faktūra Nr. 1803 IĮ 'Versilija"", 2011-07-20 PVM sąsk. faktūra Nr. 1823 IĮ 'Versilija"", 2011-05-31 PVM sąsk. faktūra Nr. 1777 IĮ 'Versilija"", 2011-06-02 PVM sąsk. faktūra Nr. 1780 IĮ 'Versilija"", 2011-09-02 PVM sąsk. faktūra Nr. 1844 IĮ 'Versilija"", 2011-10-14 PVM sąsk. faktūra Nr. 1871 IĮ 'Versilija"", 2011-09-02 PVM sąsk. faktūra Nr. 1844 IĮ 'Versilija"", 2011-12-08 PVM sąsk. faktūra Nr. 1901 IĮ 'Versilija"", 2011-12-14 PVM sąsk. faktūra Nr. 1906 IĮ 'Versilija"", 2011-12-15 PVM sąsk. faktūra Nr. 1907 IĮ 'Versilija"", 2011-12-28 PVM sąsk. faktūra Nr. 1912 IĮ 'Versilija"", 2011-11-21 PVM sąsk. faktūra Nr. 1888 IĮ 'Versilija"", 2011-11-21 PVM sąsk. faktūra Nr. 1889 IĮ 'Versilija"", 2011-12-06 PVM sąsk. faktūra Nr. 1895 IĮ 'Versilija"",  ",1348,Gėlės,"UAB ""Floritas"", IĮ ""Versilija"", UAB ""Interjeras ir gėlės"""
"Kultūros, sporto ir turizmo d-to Kūno kultūros ir sporto skyrius",17 paslaugų kategorija BVPŽ kodas 55300000-3,111,,5000,Svečių aptarnavimo paslaugos Savivaldybės administraciniame pastate,"UAB ""PATYS"""
Pašilaičių seniūnija,26 paslaugų kategorija BVPŽ kodas 92300000-4,112,"2011-05-26 sutartis Nr.A64-48(3.10.22-FN) UAB ""Vėjų fėja""",4950,"Pašilaičių bendruomenės šventė ""Pašilaičių pavasaris 2011""","Aikido Aikido asociacija ""Aidas"", VšĮ ""Laisvalaikio klubas"", UAB ""Vėjų fėja"""
"Kultūros, sporto ir turizmo d-to Kultūros ir meno skyrius",26 paslaugų kategorija BVPŽ kodas 92312230-2,113,2011-05-10 sutartis Nr. A72-1002(3.10.21-KL) Jonas Gencevičius,8000,Atminimo lentos Česlovui Milošui sukūrimas ir įrengimas,"Jonas Gencevičius, Kęstutis Musteikis, Gintaras Mykolaitis"
Fabijoniškių seniūnija,BVPŽ kodas 45233200-1,114,"2011-06-07 sutartis Nr. A62-44(3.10.21-FN4) UAB ""Stebulė",19900.01,"Smulkus šaligatvių, laiptų ir kitų kietų dangų remontas","UAB ""Stebulė"", UAB ""Fabeta"", UAB ""Srėdė"" ir Ko"
Fabijoniškių seniūnija,BVPŽ kodas 45236290-9,115,"2011-06-10 SUTARTIS Nr. A62-47(3.10.21-FN4) UAB ""Srėdė"" ir Ko",19900.01,"Vaikų žaidimo aikštelių, sporto aikštelių ir suolų remontas","UAB ""Stebulė"", UAB ""Fabeta"", UAB ""Srėdė"" ir Ko"
Naujamiesčio seniūnija,BVPŽ kodas 45236290-9,116,"2011-06-15 sutartis Nr. A62-51(3.10.21-FN4) UAB ""Eurorenovacijos""",20000,"Naujamiesčio seniūnijos vaikų žaidimo ir sporto aikštelių, suoliuų remonto darbai","UAB ""Eurorenovacijos"", UAB ""Amiresta"", UAB ""Nerista"""
Naujamiesčio seniūnija,BVPŽ kodas 45233200-1,117,"2011-06-30 sutartis Nr. A62-63(3.10.21-FN4) UAB ""Grinda""",20000,Naujamiesčio seniūnijos šaligatvių dangos remonto darbai,"UAB ""Stebulė"", UAB ""Kerista"", UAB ""Grinda"""
Grigiškių seniūnija,BVPŽ kodas 18530000-3,118,"2011-05-17 sutartis Nr. A68-7(3.10.23-FN4) L.Šurpickajos įm. ""Baltoji orchidėja""",1995,Suvenyrai ir dovanos,"L. Šurpickajos IĮ ""Baltoji orchidėja"", V.Arlauskienės IĮ ""Mažoji Karolina"", UAB ""Mylida ir Ko"""
Šeškinės seniūnija,26 paslaugų kategorija BVPŽ kodas 9230000-4,119,"2011-06-09 sutartis Nr. A64-60(3.10.22-FN4) VšĮ ""Mes-jėga""",9985,Šeškinės bendruomenės renginių organizavimas,"VšĮ ""Mes-jėga"", įmonė ""Tamsta"", UAB ""VAITAITAU"""
Šeškinės seniūnija,BVPŽ kodas 45236290-9,120,"2011-08-09 sutartis Nr. A62-85(3.10.21-FN4) UAB ""Stebulė""",19999.61,"Medinių, metalinių vaikų žaidimo bei sporto aikštelių ir suoliukų remonto darbai","UAB ""Vilniau Zunda"", UAB ""Trajana"", UAB ""Stebulė"""
Šeškinės seniūnija,BVPŽ kodas 45233200-1,121,"2011-08-09 sutartis Nr. A62-84(3.10.21-FN4) UAB ""Stebulė""",19999.92,"Smulkus šaligatvių, kietų dangų ir laiptų remontas","UAB ""Vilniaus Zunda"", UAB ""Trajana"", UAB ""Stebulė"""
Viršuliškių seniūnija,BVPŽ kodas 45236290-9,122,"2011.08.08 sutartis Nr. A62-93(3.10.21-FN4) UAB ""Stebulė""",19200.75,"Esamų vaikų žaidimo ir sporto aikštelių remontas bei naujų įrengimas, sezoninės prekyvietės įrangos remontas","UAB ""Kaštas"", UAB ""Genflora"", UAB ""Stebulė"""
"Kultūros, sporto ir turizmo d-to Kūno kultūros ir sporto skyrius",BVPŽ kodas 18530000-3,123,"2011-07-11 sutartis Nr. A68-14(3.10.23-KS) UAB ""Desata""",4500,Apdovanojimai,"UAB ""Biuro pasaulis"", UAB ""ROMVITA"", UAB ""Desata"", UAB ""Milydos"" reklama, UAB ""Reavita"""
"Kultūros, sporto ir turizmo d-to Kūno kultūros ir sporto skyrius",BVPŽ kodas 18530000-3,124,"2011-07-11 sutartis Nr. A68-13(3.10.23-KS) UAB ""Mylidos"" reklama",3400,Suvenyrai,"UAB ""Biuro pasaulis"", UAB ""ROMVITA"", UAB ""Desata"", UAB ""Milydos"" reklama, UAB ""Reavita"""
"Kultūros, sporto ir turizmo d-to Kūno kultūros ir sporto skyrius",BVPŽ kodas 18530000-3,125,"2011-07-11 sutartis Nr. A68-12(3.10.23-KS) UAB ""Mylidos"" reklama",2000,Medaliai,"UAB ""Biuro pasaulis"", UAB ""ROMVITA"", UAB ""Desata"", UAB ""Milydos"" reklama, UAB ""Reavita"""
Verkių seniūnija,BVPŽ kodas 45331000-6,126,"2011-05-13 sutartis Nr. A62-30(3.10.21-FN)4) UAB ""Vilpra""",19840.66,"Verkių seniūnijos patalpų kondicionavimo sistemos įrengimo, šildymo sistemos ir elektros skydinės remonto darbai","UAB ""Anaga"", UAB ""Vilpra"", UAB ""Prometėjo inžinerija"""
Viršuliškių seniūnija,BVPž kodas 45262640-9,127,"2011-08-19 sutartis Nr. A62-95(3.10.21-FN4) UAB ""Stebulė""",19868.68,"Takų, įvažiavimų ir kitų kietų dangų, laiptų, šaligatvių ir suolų remonto darbai","UAB ""Trajana"", UAB ""Genflora"", UAB ""Stebulė"""
Justiniškių seniūnija,BVPŽ kodas 45236290-9,128,"2011-06-14 A64-48(3.10.21-FN4) UAB ""Eurorenovacijos"". Sutarties nutraukimas 2011-10-10 Nr.A62-108(3.10.21-FN4). ",19999,"Medinių ir metalinių vaikų žaidimo aikštelių, sporto aikštelių ir suoliukų remonto darbai","UAB ""Eurorenovacijos"", UAB ""Srėdė ir ko"", UAB ""StatVista"", UAB ""Faktumas"""
Bendrųjų reikalų d-tas,6 paslaugų kategorija BVPŽ kpdas 66514100-7,129,2011-05-11 PVM sąskaitos faktūros,2975,Su transportu susijęs draudimas,"UAB ""Lietuvos draudimas"", UADB ""ERGO Lietuva"", UAB DK ""PZU Lietuva"""
Komunalinio ūkio d-tas ,BVPŽ kodas 45236290-9,130,"2011-05-18 sutartis Nr. A62-33(3.10.21-UK0 UAB ""Sonetas ir KO""",19965,Naujosios Vilnios geležinkelio stoties memorialo sutvarkymas,"UAB ""Blyksnis"", UAB ""Dzūkijos granitas"", UAB ""Sonetas ir Ko"""
Žirmūnų seniūnija,BVPŽ kodas 45233200-1,131,"2011-06-03 A62-43(3.10.21-FN4) UAB ""Stebulė""",19999,Smulkūs šaligatvių ir kitų kietų dangų ir laiptų remonto darbai,"UAB ""Trajana"", UAB ""Vilniaus Zunda"", UAB ""Stebulė"""
Žirmūnų seniūnija,BVPŽ kodas 45236290-9,132,"2011-05-31 sutartis Nr. A62-40(3.10.21-FN4) UAB ""StatVilsta""",19999,"Medinių ir metalinių vaikų žaidimo aikštelių, sporto aikštelių ir suoliukų remonto darbai","UAB ""Statvilsta"", UAB ""Žirmuva"", UAB ""Ostas"""
Personalo skyrius,24 paslaugų kategorija BVPŽ kodas 80522000-9,133,2011-05-06 PVM sąskaitą faktūra Nr. 0110631,880,"Seminaras ""Administracinių teisės pažeidimų protokolų surašymas""",Finansų ministerijos mokymo centras 
Personalo skyrius,24 paslaugų kategorija BVPŽ kodas 80522000-9,134,Pirkimo procedūros neįvyko,,"Seminaras ""Tarnybinis protokolas""",
Personalo skyrius,24 paslaugų kategorija BVPŽ kodas 80522000-9,135,"2011-05-19 PVM sąskaita faktūra Nr. 8650 UAB ""Ekspozona""",2032.8,"Seminaras ""Asmens duomenų aosauga: aktualijos, problemos, perspektyvos""","UAB ""Ekspozona"""
Personalo skyrius,24 paslaugų kategorija BVPŽ kodas 80522000-9,136,"2011-05-26 PVM sąskaita faktūra Nr. 8694 UAB ""Ekspozona""",798.6,"Seminaras ""Statybos produktų sertifikavimas""","UAB ""Ekspozona"""
Verkių seniūnija,26 paslaugų kategorija BVPž kodas 9230000-4,137,"2011-05-19 sutartis Nr. A64-45(.10.22-FN4) VO ""Balsių bendruomenė""",2420,Verkių seniūnijos bendruomenės šventės organizavimo paslaugos,"Asociacija ""Baltupių savivaldos centras Cedronas"", VO ""Balsių bendruomenė, Labdaros ir paramos fondas ""AMUS"""
Verkių seniūnija,26 paslaugų kategorija BVPŽ kodas 92312200-3,138,"2011-05-27 sutartis Nr. A64-49(3.10.22-FN40 Asociacija ""Baltupių savivaldos centras Cedronas""",2400.00,Verkių seniūnijos vaikų užimtumo renginių organizavimo paslaugos ,"Asociacija ""Baltupių savivaldos centras Cedronas"", Asociacija ""Balsių bendruomenė"", Labdaros ir paramos fondas ""AMUS"""
Verkių seniūnija,26 paslaugų kategorija BVPŽ kodas 92622000-7,139,"2011-05-19 sutartis Nr. A64-44(3.10.22-FN4) VšĮ Futbolo klubas ""Viltis""",1974,Verkių seniūnijos sporto renginių organizavimo paslaugos,"Asociacija ""Baltupių savivaldos centras Cedronas"", VO ""Balsių bendruomenė, VšĮ Futbolo klubas ""Viltis"""
Justiniškių seniūnija,BVPŽ kodas 45233200-1,140,"2011-06-07 sutartis Nr. A62-44(3.10.21-FN4) UAB ""Stebulė",19999,Smulkus šaligatvių ir kitų kietų dangų ir laiptų remonto darbai,"UAB ""Statybų techninai sprendimai"", UAB ""Gatvių statyba"", UAB ""Stebulė"""
Naujininkų seniūnija,BVPŽ kodas 45236119-7,141,"2011-06-30 sutartis Nr. A62-60(3.10.21-FN4) UAB ""Stebulė""",9994.6,Sporto aikštelių įrenginių ir dangos remonto darbai,"UAB ""Genflora"", UAB ""Lentvario komunalinis ūkis"", UAB ""Stebulė"""
Naujininkų seniūnija,27 paslaugų kategorija BVPŽ kodas 79952000-2,142,2011-08-29 sutartis Nr. A64-107(3.10.22-FN4) Viktotas Prapas,7900,"Renginių techninio aprūpinimo paslaugos (scenų, suolų įrengimas)","UAB ""Vilniaus parkai"", UAB ""Muzikos turas"", A.Raškausko personali firma ""Sporto reklama"", Viktoras Prapas, VšĮ ""Džiazo galerija"""
Naujininkų seniūnija,1 paslaugų kategorija BVPŽ kodas 51213000-9,143,2011-08-29 sutartis Nr. A64-106(3.10.22-FN4) Viktoras Prapas,2490,Trijų šventinių renginių įgarsinimo paslaugos,"UAB ""Vilniaus parkai"", UAB ""Muzikos turas"", A. Raškausko personali firma ""Sporto reklama"", Viktoras Prapas, VšĮ ""Džiazo galerija"""
Naujininkų seniūnija,BVPŽ kodas 45233200-1,144,"2011-06-30 sutartis Nr. A62-61(3.10.21-FN4) UAB ""Grinda""","17,593.40","Asfalto/ betono šaligatvių, laiptų remonto darbai","AB ""Eurovia Lietuva"", UAB ""Grinda"", UAB ""Kerista""`"
Naujininkų seniūnija,BVPŽ kodas 45236290-9,145,"2011-06-30 sutartis Nr. A62-59(3.10.21-FN4) UAB ""Stebulė",7489.9,"Vaikų žaidimo aikštelių, suoliukų remonto darbai","UAB ""Genflora"", UAB ""Lentvario komunalinis ūkis"", UAB ""Stebulė"""
Naujininkų seniūnija,BVPŽ kodas 45233253-7,146,"2011-06-30 sutartis Nr. A62-58(3.10.21-FN4) UAB ""Stebulė",6497.7,"Pėsčiųjų takų, dengtų skalda ir kita kieta danga, remonto darbai","AB ""Eurovia Lietuva"", UAB ""Stebulė"", UAB ""Grinda"", UAB ""Kerista"""
Komunalinio ūkio d-tas,BVPŽ kodas 45112711-2,147,"2011-07-28 sutartis Nr. A62-94(3.10.21-UK) UAB ""BSS grupė""",49960.3,Laiptų į Bekešo kalną Kalnų parke remontas,"UAB ""Toris"", UAB ""Faktumas"", UAB ""BSS grupė"""
Žvėryno seniūnija,26 paslaugų kategorija BVPŽ kodas 92300000-4,148,"2011-06-10 sutartis Nr.A64-61(3.10.22-FN4) UAB ""Avarija""",2997.74,Žvėryno bendruomenės Jonininių šventės organizavimas,"UAB ""Vigbada"", UAB ""Avarija"", UAB ""Naujamiesčio būstas"""
Komunalinio ūkio d-to Miesto tvarkymo skyrius,BVPŽ kodas 45112700-2,149,"2011-05-25 sutartis Nr.A62-36(3.10.21-UK) UAB ""Stebulė""",9998.27,Masinių žudynių kapavietės Titnago g. sutvarkymas,"UAB ""Jūsų sodui"", UAB ""Stebulė"", UAB ""Grinda"""
Naujininkų seniūnija,BVPŽ kodas 45213142-0,150,"2011-06-30 sutartis Nr. A62-57(3.10.21-FN4) AB ""Montuotojas""",14979.8,Viešųjų prekystalių po atviru dangumi demontavimo/ montavimo ir rekonstravimo darbai,"UAB ""Žvanga"", AB ""Montuotojas"", UAB ""Kovas"""
Naujosios Vilnios seniūnija,BVPŽ kodas 18530000-3,151,"2011-05-20 PVM sąskaita faktūra Nr. PS00612 UAB ""Sportturas""",499,Sporto renginiui skirtos prekės apdovanojimams,"UAB ""Sportturas"", UAB ""Rilis"", UAB ""Skorpiono takas"""
Naujosios Vilnios seniūnija,BVPŽ kodas 45332200-5,152,"2011-06-16 sutartis Nr. A62-52(3.10.21-FN4) UAB ""Priemiestis""",2917.46,Vandentiekio sistemos slėgio ribotuvo įrengimo darbai,"UAB ""Priemiestis"", UAB ""Sorentus projektai"", UAB ""Valsva ir Ko"""
Naujosios Vilnios seniūnija,BVPŽ kodas 45233200-1,153,"2011-10-18 sutartis Nr, A62-110(3.10.21-FN4) UAB ""Gedulis""",17572.58,"Takų ir kitų dangų, laiptų, suoliukų, šaligatvių įrengimo ir remonto darbai","UAB ""Salgesta"", UAB ""Gedulis"", UAB ""Languvita"""
Lazdynų seniūnija,27 paslaugų kategorija BVPŽ kodas 7995200-2,154,"2011-06-09 sutartis Nr. A64-62(3.10.22-FN4) UAB ""Vikšris""",6980.6,Renginio techninis aprūpinimas ir įgarsinimas,"Lazdynų bendruomenės savivaldija, UAB ""Vikdagis"", Asociacija ""Šventė visiems"", UAB ""Vikšris"""
Žvėryno seniūnija,BVPŽ kodas 45236290-9,155,"2011-08-08 sutartis Nr. A62-77(3.10.21-FN4) UAB ""Aiža""",18131.56,"Medinių ir metalinių vaikų žaidimo aikštelių, sporto aikštelių ir suoliukų remonto darbai","UAB ""Aiža"", UAB ""Stebulė"", UAB ""Statvilsta"""
Naujamiesčio seniūnija,1 palaugų kategorija BVPŽ kodas 50700000-2,156,"2011-06-15 sutartis Nr. A64-67(3.10.22-FN4) UAB ""Naujamiesčio būstas""",4854.81,Naujamiesčio seniūnijos naudojamų patalpų administravimo paslaugos,"UAB ""Naujamiesčio būstas"""
Žirmūnų seniūnija,1 palaugų kategorija BVPŽ kodas 50700000-2,157,"2011.06.03 sutartis Nr. A64-53(3.10.22-FN4) UAB ""Eurorenovacijos""",9987.34,Remonto ir priežiūros paslaugos susijusios su pastatais,"UAB ""Amiresta"", UAB ""Conresta"", UAB ""Eurorenovacijos"""
Personalo skyrius,24 paslaugų kategorija BVPŽ kodas 80522000-9,158,2011-05-20 sąskaita Nr. 0040,780,"Seminaras ""Vidaus auditorių profesinių gebėjimų tobulinimas""",Valstybės ir savivaldybių vidaus auditorių asociacija
Personalo skyrius,24 paslaugų kategorija BVPŽ kodas 80522000-9,159,2011-05-16 PVM sąskaita faktūra Nr. 006549,1460,Seminaras Vaikų teisių apsaugos tarnybų darbuotojams,"VšĮ Valstybės ir savivaldybių tarnautojų mokymo centras ""Dainava"""
Fabijoniškių seniūnija,26 paslaugų kategorija BVPŽ kodas 92300000-4,160,"2011-06-06 sutartis Nr. A64-55 (3.10.22-FN4) UAB ""Balsiukai""",4995,Fabijoniškių bendruomenės Joninių šventė,"VšĮ ""Mes-jėga"", įmonė ""Fabeta"", UAB ""Balsiukai"""
Žirmūnų seniūnija,26 paslaugų kategorija BVPŽ kodas 92312200-3,161,"2011-06-14 sutartis Nr. A64-66(3.10.22-FN4) UAB ""Stebulė""",3609.67,Joninių šventės organizavimas,"UAB ""Stebulė"", Ansamblis ""Vilniaus gija"", UAB ""Vilniaus Zunda"""
Pilaitės seniūnija,26 paslaugų kategorija BVPŽ kodas 92300000-4,162,"2011-06-15 sutartis Nr. A64-68(3.10.22-FN4) VšĮ ""Tvarios raidos inovacijų pilietinis forumas""",2850,Joninių šventės organizavimas,"VšĮ ""Tvarios raidos inovacijų pilietinis forumas"", VšĮ ""Keistos pramogos"", VšĮ ""Projektų parkas"""
Komunalinio ūkio d-tas ,BVPŽ kodas 45262640-9,163,"2011-06-01 sutartis Nr. A62-41(3.10.21-UK) UAB ""Stebulė""",42100.28,"Kalnų parko parengimas studentų dainų šventei ""Gaudeamus""","UAB ""Stebulė"""
Panerių seniūnija,BVPŽ kodas 45236290-9,164,"2011-08-09 sutartis NR. A62-86(3.10.21-FN4) UAB ""Vokės tecnika""",19999,"Takų ir kitų dangų, šaligatvių, trinkelių laiptų įrengimo, remonto darbai. Sporto ir vaikų žaidimų aikštelių remontas ir priežiūra, suoliukų remontas. Teritorijos tvarkymas, priežiūra ir atnaujinimas","UAB ""Gevalda"", UAB ""Eurorenovacijos, UAB ""Vokės technika"""
Panerių seniūnija,BVPŽ kodas 45236290-9,165,"2011-08-02 sutartis Nr. A62-75(3.10.21-FN4) UAB ""Vokės technika""","19,999.00","Gyventojų laisvalaikio, rekreacinių zonų tvarkymo priežiūros ir atnaujinimo darbai. Savavališkų sąvartynų tvarkymo darbai.","UAB ""Gevalda"", UAB ""Eurorenovacijos"", UAB ""Vokės technika"""
Žirmūnų seniūnija,1 paslaugų kategorija BVPŽ kodas 50700000-2,166,Pirkimas nevykdomas,2880,Žirmūnų seniūnijos patalpų administravimas,"UAB ""Žirmuva"", UAB ""Satisė"", UAB ""Adminsta"", UAB ""Eurorenovacijos"""
Žvėryno seniūnija,1 paslaugų kategorija BVPŽ kodas 50700000-2,167,"2011-06-28 sutartis Nr. A64-73(3.10.22-FN4) UAB ""Avarija""",9000,Žvėryno seniūnijos naudojamų patalpų administravimo paslaugos,"UAB ""Grigiškių komunalinis ūkis"", UAB ""Avarija"", UAB ""Naujamiesčio būstas"""
Verkių seniūnija,BVPŽ kodas 45236290-9,168,"2011-06-14 sutartis Nr. A62-50(3.10.21-FN4) UAB ""Stebulė""",19978.78,Verkių seniūnijos vaikų žaidimo aikštelių ir sporto aikštelių remonto darbai,"UAB ""Aiža"", UAB ""Stebulė"", UAB ""Statvilsta"""
Verkių seniūnija,BVPŽ kodas 45236290-9,169,"2011-06-14 sutartis Nr. A62-49(3.10.21-FN4) UAB ""Stebulė""",9674.72,Verkių seniūnijos suolų įrengimo ir remonto darbai,"UAB ""Aiža"", UAB ""Stebulė"", UAB ""Statvilsta"""
Verkių seniūnija,BVPŽ kodas 45453100-8,170,"2011-06-30 sutartis Nr. A62964(3.10.21-FN4) UAB ""Statvilsta""",9665.03,Verkių seniūnijos bendruomenės centro patalpų remonto darbai,"UAB ""Statovita"", UAB ""Statvilsta"", UAB ""Alvora"""
Verkių seniūnija,BVPŽ kodas 45233200-1,171,"2011-06-29 sutartis Nr. A62-55(3.10.21-FN4) UAB ""Gatvių statyba""",11922.13,Verkių seniūnijos daugiabučių namų kiemų įvairių dangų remonto darbai,"UAB ""Grinda"", UAB ""Kerista"", UAB ""Gatvių statyba"""
Rasų seniūnija,BVPŽ kodas 45236290-9,172,"2011-11-05 sutartis Nr. A62-117(3.10.21-FN4) UAB ""Statvilsta""",19199.07,"Vaikų žaidimo, sporto aikštelių ir laiptų remontas","UAB ""Statvilsta"", UAB ""Rasų valda"", G.Liugos IĮ"
"Kultūros, sporto ir turizmo d-to Turizmo skyrius",BVPŽ kodas 18530000-3,173,"2011-06-27 PVM sąskaita faktūra Nr. 18 UAB ""Naujasis sostapilis""",9599.54,Maišeliai,"UAB ""Inter Se"", UAB ""Reklamos paslaptys"", UAB ""Baltmeda"", UAB 'Naujasis sostapilis"" "
Verkių seniūnija,BVPŽ kodas 37400000-2,174,"2011-06-20 PVM sąskaita faktūra Nr.0335 R.Luniaus įm. ""Rivagris""",1018.46,Verkių seniūnijos sporto prekių ir reikmenų pirkimas renginiams organizuoti,"R. Luniaus įm. ""Rivagris"", UAB ""Sporticus LT"", UAB ""Prosport.lt"" "
Žvėryno seniūnija,BVPž kodas 45233200-1,175,"2011-08-08 sutartis Nr. A62-78(3.10.21-FN4) UAB ""Statvilsta""",19600,Smulkus šaligatvių ir kitų kietų dangų bei laiptų remontas,"UAB ""StatVilsta"", UAB ""Grinda"", UAB ""Kerista"""
Naujosios Vilnios seniūnija,1 paslaugų kategorija BVPŽ kodas 50700000-2,176,"2011-10-04 sutartis Nr. A64-120(3.10.22-FN4) UAB ""Priemiestis""",2952.4,Naujosios Vilnios naudojamų patalpų administravimo paslaugos,"UAB ""Priemiestis"""
Rasų seniūnija,BVPŽ kodas 45233200-1,177,"2011-06-30 sutartis Nr. A62-62(3.10.21-FN4) UAB ""Statvilsta""",19998.88,Šaligatvių remontas,"UAB ""Statvilsta"", UAB ""Eurofasadai"", G.Liugos IĮ"
Lazdynų seniūnija,16 paslaugų kategorija BVPŽ kodas 90512000-9,178,"2011-08-02 sutartis Nr. A64-90 (3.10.22-FN4) UAB ""A.S.A. Vilnius""",4001.11,Atliekų vežimo paslaugos iš Lazdynų seniūnijos patalpų,"UAB ""Ecoservice"", UAB ""VSA"", UAB ""Atliekų tvarkymo tarnyba"", A.S.A Vilnius UAB"
Panerių seniūnija,26 paslaugų kategorija BVPŽ kodas 92300000-4,179,"2011-06-20 sutartis Nr. A72-1214(3.10.18-S10) VšĮ ""Soterijus""",2950,Joninių šventės Panerių seniūnijoje organizavimas,"VšĮ ""Soterijus"", UAB ""L klubas"", IĮ ""Sound LT"", agentūra NEWTONE "
Aprūpinimo skyrius,BVPŽ kodas 45454000-4                                                                        ,180,"2011-09-16 sutartis Nr.62-100(3.10.21-FN4) UAB ""GlassWorK""",28400,Pertvarkymo darbai,"Uab ""GlassWork"", UAB ""Aulaukis"", UAB ""TOPHAUS"""
Komunalinio ūkio d-tas ,BVPŽ kodas 45213316-1,181,"2011-09-27 sutartis Nr. A62-105(3.10.21-UK) UAB ""Keldarista""",31414.88,Pėsčiųjų tako J. Tiškevičiaus g. įrengimas (pėsčiųjų tako dangos paprastasis remontas J. Tiškevičiaus g. nuo Galvės g. iki E. Pliaterytės g.),"UAB ""Keldarista"", UAB ""Sostinės gatvės"", UAB ""Gatvių statyba"""
Komunalinio ūkio d-to Eismo organizavimo skyrius,BVPŽ kodas 45233290-8,182,"2011-09-26 sutartis Nr. A62-103(3.10.21-UK) UAB ""Punktyras""",299999.99,"Kelio ženklų ""Stotelė"" keleivinio transporto stotelėse pastatymo ir remonto darbai","UAB ""Punktyras"", UAB ""a.CONS"", UAB ""Zona optima"""
Komunalinio ūkio d-tas,BVPŽ kodas 45340000-2,183,"2011-09-07 sutartis Nr. A62-97(3.10.21-UK) UAB ""Keldarista""",100000,Iškiliųjų perėjų su asfaltbetonio danga įrengimas,"UAB ""Keldarista"""
Pilaitės seniūnija,BVPŽ kodas 45233200-1,184,"2011-09-26 sutartis Nr. A62-104(3.10.21-F4) UAB ""LS CO statyba""",19920,"Šaligatvių, asfaltbetonio dangų, kiemo įrenginių remontas","UAB ""LS ir CO statyba"", UAB ""Aiža"", UAB ""ADMI"""
Fabijoniškių seniūnija,BVPŽ kodas 45453100-8,185,"2011-11-14 sutartis Nr. A62-124(3.10.21-FN4) UAB ""Lyderio grupė""",49000,Atnaujinimo darbai (Fabijoniškių bendruomenės centro S. Stanevičiaus g. 24 patalpų remontas) social. pirkimas,"UAB ""Lyderio grupė"""
Komunalinio ūkio d-tas ,BVPŽ kodas 45112711-2,186,"2011-07-29 sutartis Nr. A62-73(3.10.21-UK) UAB ""Stebulė",13418.71,Suolų su šiukšliadėžėm remontas Pasakų parke,"UAB ""Baltijos pašvaistė"",  UAB ""Stebulė"", UAB ""Faktumas"""
"Kultūros, sporto ir meno d-to Kultūros ir meno skyrius",24 paslaugų kategorija BVPŽ kodas 80590000-6,187,"2011-08-24 sutartis Nr. A64-95(3.10.22-K5) Europos savarorių tarnybos asociacija ""Saltes""","2,000.00","Mokymai ""Savanorystės įgūdžių lavinimas savivaldybės įstaigose""","Vilniaus dailės akademija, VšĮ ""Bendruomenių santykių konsultantai"", Europos savarorių tarnybos asociacija ""Saltes"""
Miesto ūkio ir transporto d-tas,BVPŽ kodas 45112710-5,188,"2011-09-09 sutartis Nr.A62-98(3.10.21-UK) VšĮ ""Vizualinių komunikacijų studija""",49769.33,"Riboženklių ""Vilnius"" ir šviesdėžių remonto darbai","VšĮ ""Vizualinų komunikacijų studija"", VšĮ ""Dizaino artelė"""
Grigiškių seniūnija,2 paslaugų kategorija BVPŽ kodas 60117100-2,189,2011-09-08 sutartis Nr. A64-111(3.10.22-FN4) Valerijano Jasinskio įmonė,1990,Keleivinio autobuso nuoma kelionei į Lenkiją,"V.Jasinskio įmonė, HEJS A.Sokolovskajos įmonė, I.Burinskio P Į"
Teisės d-to Sutarčių skyrius,21 paslaugų kategorija BVPŽ kodas 79100000-5,190,2011-07-08 sutartis Nr. A64-79(3.10.22-FN4) Advokatų profesinė bendrija Motieka & Audzevičius,90000,Teisinės paslaugos,"Advokatų profesinė bendrija MAQS Law Firm, Advokatų proefesinė bendrija NORDIA BAUBLYS & Partners, Advokatų kontora VARUL ir partneriai, Advokatų profesinė bendrija ""Motieka & Audzevičius"" "
Bendrųjų reikalų d-tas,14 paslaugų kategorija BVPŽ kodas 90923000-3,191,"2011-06-30 sutartis Nr. A64-75(3.10.22-BR) UAB ""Vilniaus profilaktinės dezinfekcijos stotis""",990,Deratizacijos paslaugos Archyvo pastate V.A. Graičiūno g. 20,"UAB ""Profilaktinė dezinfekcija"", UAB ""Vilniaus profilaktinės dezinfekcijos stotis"", UAB ""Kauno profilaktinės dezinfekcijos stotis"""
Verkių seniūnija,BVPŽ kodas 45331220-4,192,"2011-06-29 sutartis Nr. A62-56(3.10.21-FN4) UAB ""Vilpra"" ",14969.33,Patalpų oro kondicionavimo sistemos bendruomenės centro patalpose Baltupio g. 37,"UAB '""Termona"", UAB ""Vilpra"", UAB ""Anaga"""
Pašilaičių seniūnija,1 paslaugų kategorija BVPŽ kodas 50700000-2,193,"Nebuvo pasirašyta sutartis, kadangi galioja sena sutartis su UAB ""Pašilaita"". Jie ir laimėjo skelbtą konkursą. Teisininkai ir buhalterija nevizavo sutarties, kadangi yra galiojanti su ta pačia įmone dėl tų patalpų administravimo.",,Pašlaičių seniūnijos patalpų administravimas,"UAB ""Pašilaita"""
Bendrųjų reikalų d-tas,6 paslaugų kategorija BVPŽ kodas 66514100-7,194,2011-06-27 PVM sąskaitos faktūros,3015,Su transportu susijęs draudimas,"UAB ""Lietuvos draudimas"", UADB ""ERGO Lietuva"", UAB DK ""PZU Lietuva"""
Civilinės saugos ir viešosios tvarkos d-to Civilinės saugos skyrius,BVPŽ kodas 44482100-3,195,"2011-06-30 PVM sąskaita faktūra Nr. 0017207 UAB ""Saugus namas""",2439.36,Vidaus gaisrinio vandentiekio gaisro gesinimo žarnų su švikštais ir jų laikymo dėžėmis pirkimas valstybės rezervo sandėliuose Nemenčinėje,"UAB 'DeFerus"", UAB ""Geslita"", UAB ""Saugus namas"", UAB ""Iskada"", UAB ""Iksados"" gtc"
Šnipiškių seniūnija,BVPŽ kodas 45233253-7,196,"2011-07-21 sutartis Nr. A62-67(3.10.21-FN4) UAB ""Akordas 1""",9200.15,Šaligatvių ir pėsčiųjų takų remontas,"R. Matulevičienės IĮ ""Akordas"", UAB ""Kerista"", UAB ""Grinda"""
Rasų seniūnija,1 paslaugų kategorija BVPŽ kodas 50700000-2,197,"Nepradėtas pirkimas,gautas tarnybinis raštas",,Rasų seniūnijos patalpų administravimo paslaugos,
Naujamiesčio seniūnija,26 paslaugų kategorija BVPŽ kodas 92300000-4,198,2011-06-30 sutartis Nr. A64-77(3.10.22-FN4) Lietuvos pagyvenusių žmonių asociacija,9900,Naujamiesčio seniūnijos bendruomenės kultūrinė veikla,"Lietuvos pagyvenusių žmonių asociacija, UAB ""ADMI"", UAB ""Naujoji Pilaitė"""
Komunalinio ūkio d-tas,BVPŽ kodas 45262510-9,199,buvo nutrauktas pirkimas,,Kalinių duobės kalėjimo paprastasis remontas Panerių memoriale,
"Kultūros, sporto ir turizmo d-to Turizmo skyrius",BVPŽ kodas 39221120-4,200,"2011-09-26 PVM sąskaita faktūra Nr. 26 UAB ""Naujasis sostapilis""",9637.65,Puodeliai,"UAB ""Aola"", UAB ""Baltmeda"", UAB ""InferSe"", UAB ""Naujasisi sostapilis"", UAB ""Ultramarinas"""
Grigiškių seniūnija,BVPŽ kodas 45236290-9,201,"2011-08-09 sutartis Nr. A62-87(3.10.21-FN4) UAB ""Aiža""",1191.35,Informacinių stendų įrengimas ir remontas,"J.Mateikos firma ""Midogė"", UAB ""Aiža"", UAB ""Julsata"""
Šeškinės seniūnija,BVPŽ kodas 44510000-8,202,"2011-08-18 sutartis Nr. A68-15(3.10.23-FN4) AB ""Agrotiekimas""",44534.57,"Įrankiai, higienos ir apsauginės priemonės viešųjų darbų programai vykdyti","AB ""Agrotiekimas"""
"Kultūros, sporto ir turizmo d-to Kultūros ir meno skyrius",24 paslaugų kategorija BVPŽ kodas 80521000-2,203,"Nepradėtas pirkimas,gautas tarnybinis raštas",,Eurocities darbo grupių susitikimų organizavimas,
"Kultūros, sporto ir turizmo d-to Kultūros ir meno skyrius",11 paslaugų kategorija BVPŽ kodas 79421200-3,204,"Nepradėtas pirkimas,gautas tarnybinis raštas",,"Projektų rengimas ""SHORTIO"" programai",
Šnipiškių seniūnija,26 paslaugų kategorija BVPŽ kodas 92000000-1,205,2011-09-13 sutartis Nr. 64-112(3.10.22-FN4) VšĮ Vilniaus puodžių cechas,3950,Keramikų šventė Šnipiškėse,"VšĮ Vilniaus puodžių cechas, UAB ""Mano pieva', UAB ""Menų kalvė"""
E. miesto d-tas,BVPŽ kodas 32324100-1,206,"2011-09-28 sutartis Nr. A68-17((3.10.23-FN4) UAB ""D.E.Solutions"" ",5831.5,Televizorius,"UAB ""TC prekyba"", UAB ""Konferencijų ir audiovizualinės sistemos"", UAB ""D.E.Solutions"", UAB ""Ogmina"", UAB ""Konferenta"""
Miesto ūkio ir transporto d-tas,BVPŽ kodas 45262640-9,207,"2011-07-29 sutartis Nr. A62-74(3.10.21-UK) VšĮ ""Dizaino artelė""",8772.5,Specialių laminuotų lipdukų krepšinio tematika pagaminima ir priklijavimas ant grindinio nurodytose vietose,"UAB ""VDI reklama"", VšĮ ""Vizualinių komunikacijų studija"", VšĮ ""Dizaino artelė"""
Aprūpinimo skyrius,BVPŽ kodas 35810000-5,208,atmestas pasiūlymas,,Individuali įranga,"UAB ""Oksalis"""
Viešųjų ryšių skyrius,BVPŽ kodas 79311200-9,209,"2011-08-31 sutartis Nr. A64-109(3.10.22-FN4) UAB ""Mediaskopas""",9994.6,Žiniasklaidos stebėsenos tyrimų paslaugos,"UAB ""Addvisors"", UAB ""Mediaskopas"", UAB ""BNS"""
Aprūpinimo ir transporto skyrius,BVPŽ kodas 34422000-7,210,"nutrauktas pirkimas, nebeliko poreikio pirkti, gautas tarnybinis raštas",,Elektrinės transporto priemonės-elektroroleriai kartu su centralizuota jų stebėjimo ir valdymo sistema,
Grigiškių seniūnija,BVPŽ kodas 45233200-1,211,"2011-11-15 sutartis Nr. A62-126(3.10.21-FN4) UAB ""Tvirta""",18723.84,Šaligtavių ir kitų kietų dangų remontas,"UAB ""Grinda"", UAB ""Keldarista"", UAB ""Vakonda group"", UAB ""Refakta"", UAB ""Tvirta"", UAB ""Infranet"""
Saugaus miesto departamentas,BVPŽ kodas 32321200-1,212,"2011-10-05 sutartis Nr. A68-19(3.10.23-SM) UAB ""Dekbera'",26980,Asmeninis saugumo įrenginys,"UAB ""Dekbera"""
Vilkpėdes seniunija,BVPŽ kodas 79952000-2,213,2011-10-03 sutartis Nr. A64-119(3.10.22-FN4) VšĮ Vilkpėdės bendruomenės socialinių paslaugų centras,2699,"""Baltosios lazdeles"" renginio techninis aprūpnimas ir įgarsinimas","VšĮ Vilniaus ir Alytaus regionų aklųjų centras, VšĮ Vilkpėdės bendruomenės socialinių paslaugų centras, Koncertinė įstaiga valstybinis choras ""Vilnius"""
Naujosios Vilnios seniūnija,26 paslaugų kategorija BVPŽ kodas 92300000-4,214,2011-10-04 sutartis Nr. A64-121(3.10.22-FN4) BĮ Vilniaus Naujosios Vilnios muzikos mokykla,995,Benduomenės šventės organizavimo paslaugos,"Vilniaus Algirdo muzikos mokykla, Vilniaus Naujosios Vilnios muzikos mokykla, Vilniaus Broniaus Jonušo muzikos mokykla"
Naujosios Vilnios seniūnija,BVPŽ kodas 45236290-9,215,"2011.12.02 sutartis Nr. A62-134 (3.10.21-FN4) UAB ""Gedulis""",3998.08,"Laiptų, suoliukų įrengimo ir remonto darbai","UAB ""Menhiras"", UAB ""Gedulis"", UAB ""Languvita'"
Personalo d-tas,24 paslaugų kategorija BVPŽ kodas 80522000-9,216,2011-08-17 PVM sąskaita faktūra Nr. 16954,70,Priešgaisrinės saugos kursai,"UAB Mokslinė firma ""Ergonominis saugumas"""
Personalo d-tas,24 paslaugų kategorija BVPŽ kodas 80522000-9,217,2011-09-09 PVM sąskaita faktūra Nr. 16984,230,Darbų saugos ir sveikatos kursai,"UAB Mokslinė firma ""Ergonominis saugumas"""
E.Miesto d-tas,BVPŽ kodas 3021300-6,218,"2011.09.23 sutartis Nr.A68-16(3.10.23-FN4) UAB ""Desktop publishing computers""",4380,Nešiojamo kompiuterio pirkimas,"UAB ""Skaitmeninis pasaulis"", UAB ""AVAD Baltic"", AB ""IM ARVUTID filialas ""IDEAL SOLUTION"", UAB ""Desktop publishing computers"""
Justiniškių seniūnija,27 paslaugų kategorija BVPŽ kodas 79952000-2,219,"2011-09-15 sutartis Nr.A64-115(3.10.22-FN4) UAB ""Renginių klubas""",4996.09,Justiniškių seniūnijos renginio techninis aprūpinimas ir įgarsinimas,"UAB ""Renginių klubas"", UAB ""Audiocomas"", UAB ""ZAP grupė"""
Miesto ūkio ir transporto d-tas,BVPŽ kodas 45451100-4,220,"2011-09-02 sutartis Nr. A62-96(3.10.21-UK) VšĮ ""Vizualinių komunikacijų studija""",69557.7,"Miesto papuošimas ""Eurobasket: simbolika","VšĮ ""Vizualinių komunikacijų studija"""
Karoliniškių seniūnija,1 paslaugų kategorija BVPŽ kodas 50800000-3,221,"2011-11-08 sutartis Nr. A64-135(3.10.22-FN4) UAB ""Domus Lumina""",220,Apsauginių žaliuzių remontas,"UAB ""Dextera"", UAB ""Domus Lumina"", V. Stropaus firma ""Lauresta"""
Saugaus miesto d-to Civilinės saugos skyrius,16 paslaugų kategorija BVPŽ kodas 90410000-4,222,"2011-09-13 PVM sąskaita faktūra Nr. 0000094 VšĮ ""Vilniaus švaruva""",217.8,Valstybės rezervo sandėliuose Nemenčinėje esančio tualeto fekalijų išvežimas,"VšĮ ""Vilniaus švaruva"", UAB ""Ecoservice"", UAB ""Nemenčinės komunalininkas"""
Užsienio ryšių skyrius,26 paslaugų kategorija BVPŽ kodas 9230000-3,223,2011-10-12 sutartis Nr. A68-18(3.10.23-FN4),3900,Angelo skulptūra ,Vaidas Ramoška
Miesto ūkio ir transporto d-tas,BVPŽ kodas 45262510-9,224,"2011-10-03 sutartsi Nr. A62-106(3.10.21-UK) UAB ""Gatvių statyba""",89812.6,Kalinių duobės - kalėjimo paprastasis remontas Panerių memoriale,"UAB ""Gatvių statyba"",, UAB ""Sostinės gatvės"", AB ""Eurovia Lietuva"", UAB 'Kerista"""
Miesto plėtros d-tas,BVPŽ kodas 45212314-0,225,2011-11-03 sutartis Nr. A62-116(3.10.21-MP) Mindaugas Kėrys,10000,Memorialinio paminklo Mykolui Krupavičiui įrengimo darbai,"""Etnoprojektai"", UAB ""Smigė"", Mindaugas Kėrys"
Miesto ūkio ir transporto d-tas,BVPŽ kodas 45112710-5,226,"2011-10-21 sutartis Nr. A62-112(3.10.21-UK) UAB ""Magrista""",13716,Senųjų Salininkų kapinių tvoros vartelių įrengimas ir vandentiekio įvedimas,"UAB ""Magrista"", UAB ""Stebulė"", UAB ""Vilnista"""
Miesto ūkio ir transporto d-tas,BVPŽ kodas 45112710-5,227,"2011-11-08 sutartis Nr. A62-120(3.10.21-UK) UAB ""Infranet""",45569.21,Antakalnio kapinių tvoros atstatymas,"UAB ""EG PLUS"", UAB ""Vakonda group"", UAB ""Infranet"", UAB ""Via Vestrum"""
Miesto ūkio ir transporto d-tas,BVPŽ kodas 45112710-5,228,"2011-11-09 sutartis Nr. A62-121(3.10.21-UK) UAB ""EG PLUS""",35000,Sudervės kapinių tvoros atstatymas,"UAB ""EG PLUS"", UAB ""Via Vestrum"""
Miesto ūkio ir transporto d-tas,BVPŽ kodas 45112710-5,229,"2011-11-08 sutartis Nr. A62-119(3.10.21-UK) UAB ""EG PLUS""",27800,Rasų kapinių atraminės sienelės remontas,"UAB ""EG PLUS"", UAB ""Via Vestrum"""
Saugaus miesto d-to Civilinės saugos skyrius,BVPŽ kodas 31510000-4,230,"Elektros prekės, ekonominės lemputės, valstybės rezervo sandėlio Nemėnčinėje, Civilinės saugos skyriaus patalpose Gedimino pr. 34 eksploatacijai",234.00,"Elektros prekės, ekonominės lemputės, valstybės rezervo sandėlio Nemėnčinėje, Civilinės saugos skyriuas patalpose Gedimino pr. 34 eksploatacijai","UAB ""Elstila"", UAB ""Lemona"", UAB ""Mazgas"""
Saugaus miesto d-to Civilinės saugos skyrius,BVPŽ kodas 50413200-5,231,"2011-10-10 PVM sąskaita faktūra Nr. 0001710 UAB ""Deforus""",133.1,Gesintuvų Bavarija 6G-1 patikra ,"UAB ""DeForus"", UAB ""Saugus namas"""
Saugaus miesto d-to Civilinės saugos skyrius,14 paslaugų kategorija BVPŽ kodas 90910000-9,232,"2011-10-21 sutartis Nr. A64-130(3.10.22-SM) UAB ""Ideali švara""",4791.6,Valymo paslaugos Civilinės saugos skyriuje,"UAB ""Patalpų valymo ir priežiūros centras"", UAB ""Amvista"", UAB ""Ainava"", UAB ""Ideali švara"""
Informacinių technologijų skyrius,5 paslaugų kategorija BVPŽ kodas 64200000-8,233,nebus perkama,,Trumpo numerio paslauga,
Personalo d-tas,24 paslaugų kategorija BVPŽ kodas 80522000-9,234,"2011-09-21 PVM sąskaita faktūra Nr. 110589 UAB ""Ekonomikos mokymo centras""",1440,"Seminaras ""Buhalterinės apskaitos tvrkymas pagal VSAFAS""","UAB ""Ekonomikos mokymo centras"""
Personalo d-tas,24 paslaugų kategorija BVPŽ kodas 80522000-9,235,"2011-09-09 sąskaita faktūra Nr. 2404 VšĮ ""Profesijos tobulinimo centras""",1500.00,"Seminaras ""Civilinio proceso kodekso pakeitimai ir jų aiškinimo probleminiai aspektai""","VšĮ ""Profesijos tobulinimo centras"""
E.miesto d-tas,BVPŽ kodas 30200000-1,236,"2011-12-22 sutartis Nr. A68-34 (3.10.23-FN4) UAB ""Sisneta""",36215.3,Kompiuterinė įranga,"UAB ""Sisneta"", UAB ""REO Investment"""
E.miesto d-tas,BVPŽ kodas 30237310-5,237,2011-10-27 sutartis Nr. A68-20(3.10.23-FN4) UAB Reavita,11616,Spausdintuvų kasetės,"Apklausos pažymos nebus, nes buvo perkama per CPO"
Aprūpinimo ir transporto skyrius,BVPŽ kodas 03121210-0,238,"2011-12-09  sutartis Nr. A68-25 (3.10.23-FN4) UAB ""Sodo dizainas""",35000,"Gėlės, gėlių puokštės, gėlių kompozicijos, gėlės vazonėliuose","UAB ""Floravitas"", UAB ""Sodo dizainas"", UAB ""Gėlių prekyba"", UAB ""Floriada"""
Personalo d-tas,24 paslaugų kategorija BVPŽ kodas 8052200-9,239,2011-09-19 PVM sąskaita faktūra SGA 0001413,"40,00","Seminaras ""Kaip padėti vaikams tapti sėkmingais""","UAB ""Galimybių Arsenalas"""
E. miesto d-tas,5 paslaugų kategorija BVPŽ kodas 64200000-8,240,"2011-10-18 sutartis Nr. A64-125(3.10.22-FN4) TEO LT, 2011-10-18 sutartis Nr. A64-128(3.10.22-FN4) UAB ""CSC Telecom"", 2011-10-18 sutartis Nr. A64-127(3.10.22-FN4) UAB ""Bitė Lietuva""","14,512.68","Skambučiai trumpuoju Nr. 1664 į UAB ""CSC telecom"", UAB ""Omnitel"", UAB ""Bite"", TEO LT AB į numerį 2112000 (4 pirkimai)","TEO LT, UAB ""CSC Telecom"", UAB ""Bitė Lietuva"""
Personalo d-tas,24 palaugų kategorija BVPŽ kodas 80522000-9,241,pirkimas neįvyko,,"Seminaras ""VSAFAS praktinis taikymas savivaldybės iždo bei privatizavimo fondo apskaitoje""",
Personalo d-tas,24 palaugų kategorija BVPŽ kodas 80522000-9,242,"2011-09-29 PVM sąskaita faktūra Nr. SM002775 VšĮ ""Praktikai""",780,"Seminaras ""Darbo teisės praktiniai aspektai 2011""","VšĮ ""Praktikai"""
Justiniškių seniūnija,1 paslaugų kategorija BVPŽ kodas 50700000-2,243,"2011-11-21 sutartis Nr. A64-143(3.10.22-FN4) UAB ""Litmilma""",1800,Patalpų Rygos g. 31-1 administravimo ir priežiūros paslaugos,"UAB ""Litmilma"""
Pašilaičių seniūnija,BVPŽ kodas 45236290-9,244,"2011-10-25 sutartis Nr. A62-115(3.10.21-FN4) UAB 'Infranet""",5364.24,Poilsio zonų remonto darbai - senų vaikų žaidimo aikšteliuų remonto darbai,"UAB ""Pažangi statyba"", UAB ""Ismonys"", UAB ""Rizgonys"", UAB ""EULA"", UAB ""Infranet"", UAB Domipa"""
Lazdynų seniūnija,BVPŽ kodas 45233200-1,245,"2011.11.14 sutartis Nr. A62-125 (3.10.21-FN4) UAB ""Eurostructus""",10000,Grindinio dangos remontas Lazdynų turgavietėje Architektų g. 19,"UAB ""Eurostructus"", UAB ""Kompanija Vitrum"", UAB ""Eurokasyba"", UAB ""Projekto ABC"""
"Švietimo, kultūros ir sporto departamentas Kultūros skyrius",26 kategorija BVPŽ kodas 92300000-4,246,,3000.00,Bilietų į meno renginius įsigijimas,"UAB ""Bilietų pasaulis"""
"Švietimo, kultūros ir sporto departamentas Kultūros skyrius",26 kategorija BVPŽ kodas 92300000-4,247,"2011-10-06 išankstinė sąskaita Nr. NBP-IS11-0554 UAB ""Nacionalinis bilietų platintojas""",3000,Bilietų į meno renginius įsigijimas,"UAB ""Nacionalinis bilietų platintojas"""
Viešųjų ryšių skyrius,11 kategorija BVPŽ kodas 79342000-3,248,2011-10-20 PVM sąskaita faktūra Nr. 807301Helios Media GmbH,828.67,Rinkodaros paslaugos,Helios Media GmbH
Miesto ūkio ir transporto d-tas,BVPŽ kodas 45316100-6,249,"2011.12.01 sutartis Nr. A62-133 (3.10.21-UK) UAB ""Švenčių studija""",94797.45,"Šventinis Gedimino pr., Konstitucijos pr., Rotušės a., Vokiečių g., Vrublevskio g., Pilies g. papuošimas šv. Klėdų ir Naujųjų metų švenčių proga","UAB ""Adam Decolight"", UAB ""Švenčių studija"""
Žvėryno seniūnija,1 paslaugų kategorija BVPŽ kodas 50531200-8,250,"2011-11-11 sutartis Nr. A64-137(3.10.22-FN4) UAB ""DS-1""",571.12,Dujų prietaisų priežiūros paslauga,"UAB ""DS-1"", UAB ""Šildva"", UAB ""Alduva"""
Personalo d-tas,24 paslaugų kategorija BVPŽ kodas 80522000-9,251,"2011-10-06 PVM sąskaita faktūra Nr. 8962 UAB ""Ekspozona""",1439.9,"Seminaras ""Viešųjų pirkimų naujovės ir praktika""","UAB ""Ekspozona"""
Saugaus miesto d-to Civilinės saugos skyrius,1 paslaugų kategorija BVPŽ kodas 50700000-2,252,,223.73,Pastato administravimo paslaugos Civilinės saugos skyriuje Gedimino pr. 34,"UAB ""Naujamiesčio būstas"""
Saugaus miesto d-to Civilinės saugos skyrius,BVPŽ kodas 03413000-8,253,"2011-10-27 PVM sąskaita faktūra Nr. 006 UAB ""Pinera""",1350,Kurui skirtos medienos sargų namelio šildymui valstybės rezervo sandėliuose Nemenčinėje,"UAB ""Malkinė"", UAB ""Pinera"", UAB ""Kelmynas"""
Personalo d-tas,24 paslaugų kategorija BVPŽ kodas 80522000-9,254,"2011-10-20 PVM sąskaita faktūra Nr. 3155 UAB ""Viešųjų pirkimų ekspertų grupė""",532.4,"Seminaras ""Viešieji pirkimai pradedantiems paprastai""","UAB ""Viešųjų pirkimų ekspertų grupė"""
Personalo d-tas,24 paslaugų kategorija BVPŽ kodas 80522000-9,255,"PVM sąskaita faktūra Nr. 17142 UAB Mokslinė firma ""Ergonominis saugumas""","1,150.00","Seminaras ""Darbų saugos ir sveikatos mokymai""","UAB Mokslinė firma ""Ergonominis saugumas"""
Personalo d-tas,24 paslaugų kategorija BVPŽ kodas 80522000-9,256,2011-10-24 PVM sąskaita faktūra Nr. 006897 ,1540,Seminaras savivaldybės juristams,"VšĮ Valstybės ir savivaldybių tarnautojų mokymo centras ""Dainava"""
Antakalnio seniūnija,BVPŽ 452362909,257,"2011.11.21 sutartis Nr. A62-129 93.10.21-FN4) UAB ""Grinda""",14999.83,"Medinių vaikų žaidimo aikštelių įrengimas, priežiūra ir remontas, sporto aikštelių įrengimas, priežiūra ir remontas, suoliukų remontas","UAB ""Grinda"", UAB ""Vigbada"", UAB ""Atira"""
Panerių seniūnija,27 paslaugų kategorija BVPŽ kodas 79952000-2,258,"2011-12-05 sutartis Nr. A64-149 (3.10.22-FN4) UAB ""Stebulė""","7,000.00",Kalėdinio renginio techninis aprūpinimas ir įgarsinimas,"UAB ""Lentvario komunalinis ūkis"", UAB 'Stebulė"", UAB 'Vilniaus zunda"""
Personalo d-tas,24 paslaugų kategorija BVPŽ kodas 80522000-9,259,"2011-11-25 PVM sąskaita faktūra Nr. 110777 UAB ""Ekonomikos mokymo centras"" ",570.00,Valstybės turto ir lėšų valdymas biudžetinėse įstaigose. Supaprastinti viešieji pirkimai,"UAB ""Ekonomikos mokymo centras"" "
Šnipiškių seniūnija,26 paslaugų kategorija BVPŽ kodas 92300000-4,260,"2011-12-16 sutartis Nr. A64-165 (3.10.22-FN4) Asociacija 'Šnipiškiečių namai""",2880,Kalėdų šventė,"Asociacija Šnipiškiečių namai, VšĮ ""Vilties žingsniai"", UAB ""Keliautojų klubas"""
Vilkpėdės seniūnija,27 paslaugų kategorija BVPŽ kodas 79952000-2,261,2011.11.18 sutartis Nr. A64-142(3.10.22-FN4) VšĮ Vilkpėdės bendruomenės cocialinių paslaugų centras,7097,Kalėdų šventės renginio techninis aprūpinimas ir įgarsinimas,"VšĮ Vilniaus ir Alytaus regionų aklųjų centras, VšĮ Vilkpėdės bendruomenės socialinių paslaugų centras, Lietuvos aklųjų biblioteka"
Antakalnio seniūnija,BVPŽ kodas 45233200-1,262,"2011.11.21 sutartis Nr. A62-128 (3.10.21-FN4) UAB ""Keldarista""",17600.66,"Šaligatvių ir kitų kietų dangų remontas, teritorijoje esančių laiptų remontas ","UAB ""Keldarista"", UAB ""Sostinės gatvės"", UAB ""Eurovia Lietuva"""
Žirmūnų seniūnija,27 paslaugų kategorija BVPŽ kodas 7992000-2,263,"2011.11.29 sutartis Nr. A64-145 (3.10.22-FN4)  UAB ""Stebulė""",6352.5,Renginio techninis aprūpinimas ir įgarsinimas,"UAB ""Stebulė"", UAB ""Lentvario komunalinis ūkis"", UAB ""Vilniaus Zunda"""
Justiniškių seniūnija,BVPŽ kodas 45236290-9,264,"2011-11-15 sutartis Nr. A62-127(3.10.21-FN4) UAB ""StatVilsta""",19999,"Medinių ir metalinių vaikų žaidimo aikštelių, sporto aikštelių ir suoliukų remonto darbai","UAB ""StatVilsta"", UAB ""Ostas"", UAB ""Tavastis"""
Grigiškių seniūnija,26 paslaugų kategorija BVPŽ kodas 92300000-4,265,"2011-12-14 sutartis Nr. A64-157 (3.10.22-FN4) UAB ""Almode""",3998,Kalėdinių renginių Grigiškėse organizavimas,"UAB ""Lentvario komunalinis ūkis"", UAB ""Elektrėnų švara', UAB ""Almode"""
Justiniškių seniūnija,27 paslaugų kategorija BVPŽ kodas 79952000-2,266,"2011-12-06 sutartis Nr. A64-151 (3.10.22-FN4) UAB ""Renginių klubas""",4996.09,Justiniškių seniūnijos renginio (Kalėdų eglutės šventės) techninis aprūpinimas ir įgarsinimas,"UAB ""Renginių klubas"", UAB ""Audiocomas"", UAB ""Zap grupė"""
Viešųjų ryšių skyrius,15 paslaugų kategorija BVPŽ kodas 79810000-5,267,"2011-12-30 PVM sąsk faktūra Nr. 0901995 UAB ""balsas.lt.leidiniai"", 2011-11-30 PVM sąsk faktūra Nr. 0901894 UAB ""balsas.lt.leidiniai"", 2011-11-30 PVM sąsk faktūra Nr. 0901891 UAB ""balsas.lt.leidiniai"", 2011-11-30 PVM sąsk faktūra Nr. 0901893 UAB ""balsas.lt.leidiniai"", 2011-11-30 PVM sąsk faktūra Nr. 0901896 UAB ""balsas.lt.leidiniai"", 2011-11-30 PVM sąsk faktūra Nr. 0901892 UAB ""balsas.lt.leidiniai"", 2011-11-30 PVM sąsk faktūra Nr. 0901895 UAB ""balsas.lt.leidiniai""",11616,Spausdinimo paslaugos,"UAB ""Krašto spauda"", UAB ""Balsas.lt"", UAB ""Lrytas"""
Viešųjų ryšių skyrius,13 paslaugų kategorija BVPŽ kodas 79341000-6,268,"2011-11-30 PVM sąskaita faktūra Nr. 4107 UAB ""EPASAS.LT"", 2011-12-29 PVM sąskaita faktūra Nr. 4160 ""EPASAS.LT""",9996,Informacijos skelbimo internete paslaugos,"UAB ""Krašto spauda"", UAB ""Epasas.lt"", UAB ""15min"""
Pilaitės seniūnija,27 paslaugų kategorija BVPŽ kodas 79952000-2,269,"2011-12-15 sutartis nr. A64-163 (3.10.22-FN4) VšĮ ""Mes jėga""",6700,Renginio Pilaitės seniūnijoje techninis aprūpinimas ir įgarsinimas,"VšĮ ""Mes-jėga"", Audio paslaugų įmonė ""Tamsta"""
Antakalnio seniūnija,27 paslaugų kategorija BVPŽ kodas 79952000-2,270,"2011-12-22 sutartis Nr. A64-168 (3.10.22-FN4) asociacija ""Antakalniečių bendruomenė""",9800,Antakalnio seniūnijos Kalėdinių renginių techninis aprūpinimas ir įgarsinimas,"Antakalnio vaikų ir jaunimo klubas, Asociacija ""Antakalniečių bendruomenė"", VšĮ ""Renginių idėjos ir organizavimas"""
Šnipiškių seniūnija,BVPŽ kodas 45453100-8,271,"2011-11-14 sutartis Nr. A62-123(3.10.21-FN4) UAB ""Stebulė""",1670.96,Laiptų remontas ir turėklų įrengimas,"UAB ""Stebulė"", UAB ""Vilniaus Zunda"", UAB ""Trajana"""
Žvėryno seniūnija,BVPŽ kodas 39224340-3,272,"2011-12-12 sutartis Nr. A68-28 (3.10.23-FN4) UAB ""Tvoros""",1445,Šiukšliadėžių įsigijimas ir pastatymas,"UAB ""Tvoros"", UAB ""Magesta"", UAB ""Bipa"""
Verkių seniūnija,BVPŽ kodas 37400000-2,273,"2011-12-12 PVM sąskaita faktūra Nr. 0365 R.Luniaus įmonė ""RIVAGRIS""",3023.9,Sporto prekių ir reikmenų pirkimas renginiams organizuoti,"R.Luniaus įmonė ""RIVAGRIS"", UAB ""Sporticus LT"", UAB 'PROSPORT.LT"""
Verkių seniūnija,2 paslaugų kategorija BVPŽ kodas 60100000-9,274,"2011.11.22 sutartis Nr. A64-144 (3.10.22-FN-4) UAB ""Vilniaus zunda""",2980,"Verkių seniūnijos kalėdinės eglės transportavimas, pastatymas ir puošimas","UAB ""Alvora"", UAB ""Stebulė"", UAB ""Vilniaus Zunda"""
Verkių seniūnija,BVPŽ kodas 15800000-6,275,2011-12-12 PVM sąskaita faktūra Nr. 0069 G.Zinkevičienės personalinė įmonė,3283.19,Įvairūs maisto produktai seniūnijos bendruomenės renginiams organizuoti,"UAB ""Lukre"", G.Zinkevičienės personalinė įmonė, R. Saulienės personalinė įmonė"
Fabijoniškių seniūnija,27 paslaugų kategorija BVPŽ kodas 7995000-2,276,"2011-12-16 sutartis Nr. A64-164 (3.10.22-FN4) VšĮ ""Mes Jėga""",4950,Kalėdinio renginio techninis aprūpinimas ir įgarsinimas,"VšĮ ""Mes jėga"", UAB ""Fabeta"", Audio paslaugų įmonė ""Tamsta"""
Lazdynų seniūnija,27 paslaugų kategorija BVPŽ kodas 7995000-2,277,2011-11-30 sutartis Nr. A64-146 (3.10.22-FN4) Lazdynų bendruomenės savivaldija,3000,Kalėdinio renginio techninis aprūpinimas ir įgarsinimas,"Vilniaus m. Lazdynų bendruomenės savivaldija, UAB ""Jutomus"", UAB ""Vikšris"""
Personalo d-tas,24 paslaugų kategorija BVPŽ kodas 80522000-9,278,"2011-10-27 PVM sąskaita faktūra Nr. 2488 VšĮ ""Profesijos tobulinimo centras""","1,449.00","Seminaras ""Civilinio proceso naujovės, keičiančios buvusius įprastus CPK reikalavimus""","VšĮ ""Profesijos tobulinimo centras"""
Žvėryno seniūnija,26 paslaugų kategorija BVPŽ kodas 92300000-4,279,"2011.12.01 sutartis Nr. A64-147 (3.10.22-FN4) UAB ""Grinda""",6733.65,Žvėryno bendruomenės Kalėdų šventės organizavimas,"UAB ""Vigbada"", UAB ""Šnipiškių ūkis"", UAB ""Grinda"""
Antakalnio seniūnija,BVPŽ kodas 45233200-1,280,anuliuotas,,"Šaligatvių ir kitų kietų dangų remontas, teritorijoje esančių laiptų remontas",
E.Miesto d-tas,BVPŽ kodas 31511000-1,281,"2011-11-29 sutartis Nr. A68-22(3.10.23-FN4) UAB ""Konferenta""",2261.49,Projektoriaus lempų pirkimas,"UAB ""Konferenta"", UAB ""Konferencijų ir audiovizualinės sistemos"", UAB 'D.E. Solutions"""
Personalo d-tas,24 paslaugų kategorija BVPŽ kodas 80522000-9,282,"2011-11-08 PVM sąskaita faktūra Nr. 9152 UAB ""EXPOZONA""","1,524.60","Seminaras ""Viešojo sektoriaus konsoliduotų finansinių ataskaitų rinkinys ir investicijos į kontroliuojamus subjektus'"," UAB ""EXPOZONA"""
"Švietimo, kultūros ir sporto departamentas Kultūros skyrius",BVPŽ kodas 22200000-2,283,"2011-10-14 PVM sąsk faktūra Nr. 610 UAB 'Kultūros barai"", 2011-10-17 PVM sąsk faktūra Nr. 003084 UAB 'POLILOGAS"", 2011-10-14 PVM sąsk faktūra Nr. 11166386 UAB 'Verslo žinios"", 2011-10-18 Išankstinė sąsk faktūra Nr. IS18520040000194 AB 'Lietuvos paštas"",2011-10-18 Išankstinė sąsk faktūra Nr. IS18520030001829 AB 'Lietuvos paštas""",9695.47,Periodiniai leidiniai ir žurnalai,"UAB 'Kultūros barai"", UAB 'POLILOGAS"", UAB 'Verslo žinios"", AB 'Lietuvos paštas"" Penkiom pirkimo dalim buvo 4 laimėtojai"
Personalo d-tas,10 paslaugų kategorija BVPŽ kodas 79311000-7,284,"2011-11-16 sutartis Nr.A64-140(3.10.22-FN4) UAB ""Spinter tyrimai""",10000,VMS gyventojų apklausa apie seniūnijų veiklos efektyvumą,"UAB Rinkos tyrimų centras, UAB ""Spinter tyrimai"", Visuomenės nuomonės ir rinkos tyrimų centras ""Vilmorus"""
E.miesto d-tas,26 paslaugų kategorija BVPŽ kodas 92312210-6,285,anuliuotas,,Skaitmeninės nuotraukos,
E.miesto d-tas,15 paslaugų kategorija BVPŽ kodas 79822500-7,286,"Nepradėtas pirkimas,gautas tarnybinis raštas",,Elektroninės kortelės dizaino pirkimas,
Finansų d-tas,6 paslaugų kategorija BVPŽ kodas 66110000,287,,7200,VMSA biudžetinių sąskaitų atidarymas,"AB DNB bankas, AB SEB bankas, AB Šiaulių bankas, AB ""UniCredit Bank"", AB Ūkio bankas, Nordea Bank Finland Plc"
Aprūpinimo ir transporto skyrius,14 paslaugų katgorija BVPŽ kodas 90914000-7,288,"2011-12-05 sutartis Nr. A64-150 (3.10.22-FN4) UAB ""Dussmann Service""",4601,"Savivaldybės administracinio pastato, Konstitucijos pr. 3, požeminio garažo valymo paslaugos","UAB ""Ainava"", UAB ""Dussmann Service"", IĮ ""Irmas"", UAB ""Top Clean'"
Aprūpinimo ir transporto skyrius,BVPŽ kodas 45421100-5,289,"2011-12-07 sutartis Nr. A-62-136 (3.10.21-FN4) UAB ""Aluminium group""",17685,"Savivaldybės administarcinio pastato varčių reguliavimas, remontas, keičiant jų detales, bei priežiūra ","UAB ""Hronas"", UAB ""Fauga"", UAB ""ASF"", UAB ""Staticus"", UAB ""Jovireta"", UAB ""Aluminiumgroup"", UAB ""Petroleum group"""
Verkių seniūnija,BVPŽ kodas 45341000-9,290,"2011.11.22 sutartis Nr. A62-130 (3.10.21-FN-4) UAB ""Vilniaus zunda""",3996.63,Verkių seniūnijos bendrojo naudojimo laiptų turėklų montavimo darbai,"UAB ""Vilniaus zunda"", UAB ""Stebulė"", UAB ""Trajana"""
Rasų seniūnija,27 paslaugų kategorija BVPŽ kodas 79952000-2,291,"2011-12-14 sutartis Nr. A64-158 (3.10.22-FN4) VšĮ ""Mes Jėga""",9800,Rasų seniūnijos šv. Kalėdų renginio techninis aprūpinimas ir apšvietimas,"VšĮ ""Mes-jėga"", APĮ ""Tamsta"", VšĮ ""Šėlsmo diena"""
E.Miesto d-tas,27 paslaugų kategorija BVPŽ kodas 79961100-9,292,"2011.12.05 sutartis Nr.A64-148 (3.10.22-FN4) UAB ""Baltijos Fotografijos linija""",6000,Autorinės skaitmeninės nuotraukos,"VšĮ Lietuvos spaudos fotografų klubas, UAB ""Ciklopas', UAB ""Baltijos fotografijos linija"""
Saugaus miesto d-tas,6 paslaugų kategorija BVPŽ 66500000-8,293,,10000,"Gyvybės draudimo, draudimo nuo nelaimingų atsitikimų ir sveikatos draudimo paslaugos","UAB DK ""PZU Lietuva"", AAS 'Gjensidige Baltic"", If P&C Insurance AS"
Personalo d-tas,24 paslaugų kategorija BVPŽ kodas 80522000-9,294,"2011-11-17 PVM sąskaita faktūra Nr.0512 UAB ""LINGUA LITUANICA""",300.00,Praktinai lietuvių kalbos redagavimo kursai,"UAB ""LINGUA LITUANICA"""
Antakalnio seniūnija,BVPŽ kodas 45233200-1,295,"2011.11.30 sutartis Nr. A62-132 (3.10.21-FN4) UAB ""Keldarista""",8700,"Šaligatvių ir kitų kietų dangų remontas, teritorijije esančių laiptų remontas","UAB ""Keldarista"", UAB ""Sostinės gatvės"""
Miesto ūkio ir transporto d-tas,BVPŽ kodas 45312100-6,296,"2011-12-13 sutartis Nr. A62-139 (3.10.21-UK) UAB ""Švenčių studija""",57000,Šventinis televizijos bokšto papuošimas Šv. Kalėdų ir Naujųjų metų švenčių proga,"UAB ""Švenčių studija"", VšĮ ""Oreivystės centras"", VšĮ ""Vizualinių komunikacijų studija"""
Personalo d-tas,24 paslaugų kategorija BVPŽ kodas 80522000-9,297,"2011-11-22 PVM sąskaita faktūra Nr. 9189 UAB ""EXPOZONA""",784.04,"Seminaras ""Mokamų paslaugų teikimo ir pacientų sveikatai padarytos žalos nustatymo ypatumai, aktualijos ir problematika sveikatos priežiūros įstaigose","UAB ""EXPOZONA"""
E.Miesto d-tas,BVPŽ kodas 30213200-7,298,"2011.12.05 sutartis Nr.A68-24 (3.10.23-FN4) UAB ""Desktop Publishing Computers",2348,Planšetinio kompiuterio pirkimas,"UAB ""Desktop Publishing Computers"", UAB ""Avitelos prekyba"", UAB 'Topo centro prekyba"""
Grigiškių seniūnija,BVPŽ kodas 44114200-4,299,"2011-12-12 sutartis Nr. A68-27 (3.10.23-FN4) UAB ""Betono statiniai""",6259.94,Betono gaminiai; gėlinių ir šiukšliadėžių pirkimas su pastatymu,"UAB ""Betono statiniai"", UAB ""Sostinės gatvės"", UAB ""Refakta"""
Karoliniškių seniūnija,BVPŽ kodas 45236290-9,300,"2011-12-20 sutartis Nr. A62-140 (3.10.21-FN4) UAB ""Aiža""",879.99,Suoliukų remonto darbai Karoliniškių seniūnijoje,"UAB ""Aiža"", J.Mateikos firma ""Midogė"", UAB ""Julsata"""
Aprūpinimo ir transporto skyrius,BVPŽ kodas 31518600-6,301,2011-12-12 sutartis Nr. A68-26 (3.10.23-FN4) L.Lukoševičienės IĮ,9191.64,Prožektoriai ir jų dėklai,"UAB 'Valrima"", UAB ""Baltijos arsenalas"", L.Lukoševičienės IĮ, UAB ""TUMA"", UAB 'Oksalis"", UAB ""Saugima"", UAB ""Vilniaus ginklai"", UAB ""Jagtekas"""
Aprūpinimo ir transporto skyrius,BVPŽ kodas 18235400-9,302,"2011-12-14 sutartis Nr. A68-32 (3.10.23-FN4) UAB ""Valrima""",8924.84,Liemenės,"UAB ""Valrima"", UAB ""Baltijos Arsenalas"", L.Lukoševičienės IĮ, UAB 'TUMA"", UAB ""Oksalis"", UAB ""Saugima"", UAB ""Vilniaus ginklai"", UAB ""Jagtekas"""
Aprūpinimo ir transporto skyrius,BVPŽ kodas 35300000-7,303,"2011-12-13 sutartis Nr. A68-30 (3.10.23-FN4) UAB ""Oksalis""","4,582.27",Dujų balionėliai ir jų dėklai,"UAB ""Valrima"", UAB ""Baltijos Arsenalas"", L.Lukoševičienės IĮ, UAB 'TUMA"", UAB ""Oksalis"", UAB ""Saugima"", UAB ""Vilniaus ginklai"", UAB ""Jagtekas"""
Aprūpinimo ir transporto skyrius,BVPŽ kodas 18424000-7,304,"2011-12-13 sutartis Nr. A68-29 (3.10.23-FN4) UAB ""Oksalis""","7,953.75","Specialios pirštinės, diržai, eismo reguliavimo priemonės","UAB ""Valrima"", UAB ""Baltijos Arsenalas"", L.Lukoševičienės IĮ, UAB 'TUMA"", UAB ""Oksalis"", UAB ""Saugima"", UAB ""Vilniaus ginklai"", UAB ""Jagtekas"""
Aprūpinimo ir transporto skyrius,BVPŽ kodas 1880000-7,305,"2011-12-13 sutartis Nr. A68-21 (3.10.23-FN4) UAB ""Oksalis""","15,542.80",Batai,"UAB ""Valrima"", UAB ""Baltijos Arsenalas"", L.Lukoševičienės IĮ, UAB 'TUMA"", UAB ""Oksalis"", UAB ""Saugima"", UAB ""Vilniaus ginklai"", UAB ""Jagtekas"""
Verkių seniūnija,BVPŽ kodas 15842000-2,306,"2011-12-06 PVM sąskaita faktūra Nr. 00950 UAB ""LUKRE""","7,004.45",Verkių seniūnijos kalėdinės dovanėlės ir saldumynai,"M. Gumbrevičiaus PPĮ 'Gelsva"", UAB ""Lukre"", UAB ""MAXIMA LT"""
Ekonomikos ir investicijų d-to Turto valdymo skyrius,15 paslaugų kategorija BVPŽ kodas 79800000-2,307,"2011-12-20 sutartis Nr. A64-166 (3.10.22-EK) UAB ""Lietuvos žinios""","8,820.90",Spausdinimo paslaugos privatizuojamų objektų sąrašams paskelbti respublikiniame spausdinyje,"UAB ""Lietuvos žinios"", UAB ""Lietuvos rytas"", UAB ""Respublikos leidiniai"""
Ekonomikos ir investicijų d-to Turto valdymo skyrius,15 paslaugų kategorija BVPŽ kodas 79800000-2,308,"2011-12-14 sutartis Nr. A64-159 (3.10.22-EK) UAB ""Juoda raidė""","7,579.44",Reklaminių plakatų pagaminimas privatizuojamų objektų sąrašui paskelbti,"UAB ""INDIGO print"", UAB ""Juoda raidė"", UAB 'Vizart"""
Teisės d-to Juridinis skyrius,BVPŽ kodas 22110000-4,309,2011-11-24 PVM sąskaita faktūta Nr. TID0003098 VĮ Registrų centras,752.10,"Spausdintos knygos (Lietuvos Respublikos civilinio proceso kodeksas, 30 vnt.)","VĮ Registrų centras, UAB ""Vagos prekyba"", JUSTITIA"
Žirmūnų seniūnija,BVPŽ kodas 45236290-9,310,"2011-12-07 sutartis Nr. A-62-135 (3.10.21-FN4) UAB ""Stebulė""","2,196.15","Vaikų žaidimo aikštelių, sporto aikštelių ir suoliukų remonto darbai","UAB ""StatVilsta"", UAB ""Stebulė"", UAB ""Ostas"""
Ekonomikos ir investicijų d-to Turizmo skyrius,10 paslaugų kategorija BVPŽ kodas 74130000-9,311,"2011-12-30 sutartis Nr. A64-170(3.10.22-EK) Individuali įmonė ""Eurotela""","9,504.55",Vilniaus turizmo rinkų tyrimo atlikimas,"IĮ ""Eurotela"", UAB ""Rinkos tyrimų centras"", UAB ""EVS Group"""
Pašilaičių seniūnija,27 paslaugų kategorija BVPŽ kodas 79952000-2,312,"2011-12-15 sutartis nr. A64-162 (3.10.22-FN4) UAB ""Vėjų fėja""","4,950.00",Pašilaičių seniūnijos renginio (Kalėdų eglutės šventės) techninis parūpinimas ir įgarsinimas,"Asociacija ""Visas pasaulis manyje"", UAB ""Agentūra ŪPAS"", UAB ""Vejų fėja"""
Miesto ūkio ir transporto d-tas,BVPŽ kodas 45112700-5,313,Nepradėtas pirkimas,,"Gatvių pavadinimų lentelių, statinių numerių gamyba ir tvirtinimo darbai",
Senamiesčio seniūnija,BVPŽ kodas 45236290-9,314,"Nevykdė pirkimo, nes per ilgai vizavo raštą",,Laiptų remontas (pakopų pakeitimas) Olandų g. 55,
Aprūpinimo ir transporto skyrius,BVPŽ kodas 31154000-0,315,"2011-12-16 sutartis Nr. A68-33 (3.10.23-FN4) UAB ""Dussmann Service""",9999.44,Nepertraukiamos srovės maitinimo šaltiniai,"UAB ""GETEKS"", UAB ""Dussmann Service"", UAB ""VARICOM"""
Personalo d-tas,24 paslaugų kategorija BVPŽ kodas 80522000-9,316,"2011-12-09  PVM sąskaita faktūra Nr. 006065 UAB ""Mokesčių srautas""",804.65,Naujoji CPK redakcija - efektyvesnis civilinis procesas?,"UAB ""Mokesčių sautas"""
Verkių seniūnija,BVPŽ kodas 45236290-9,317,"2011-12-13 sutartis Nr. A62-138 (3.10.21-FN4) UAB ""Stebulė""","2,904.00",Verkių seniūnijos suolų įrengimo ir remonto darbai,"UAB ""Vilniaus Zunda"", UAB ""Trajana"", UAB ""Stebulė"""
Viešųjų ryšių skyrius,KAT13 kategorija BVPŽ kodas 793415000-1,318,,"9,873.60",Radijo reklamos paslaugos,"UAB ""Interbanga"", UAB ""Laisvoji banga"", UAB ""Radijo stotis M-1 Plius"""
Lazdynų seniūnija,BVPŽ kodas 45453100-8,319,"2011-12-20 sutartis Nr. A62-141 (3.10.21-FN4) UAB ""Stebulė""","2,000.00",Seniūnijos teritorijoje eančių suoliukų remontas,"UAB ""Statvilsta"", UAB 'Stebulė"", UAB ""Ostas"""
Šeškinės seniūnija,K-26 paslaugų kategorija BVPŽ kodas 92300000-4,320,"2011-12-15 sutartis Nr. A64-161 (3.10.22-FN4) VšĮ ""Mes Jėga""","1,975.00",Šeškinės bendruomenės renginių organizavimas,"VšĮ ""Mes jėga"", Įmonė ""Tamsta"", UAB ""VAITAITAU"""
Aprūpinimo ir transporto skyrius,BVPŽ kodas 45315100-9,321,"2011-12-08 sutartis Nr. A62-137 (3.10.21-FN4) UAB ""Švenčių studija""","19,965.00",Savivaldybės administracijos pastato (Konstitucijos pr. 3) Šv. Kalėdų šventinių papuošimų darbai,"VšĮ ""Oreivystės centras"", UAB ""Švenčių studija"", UAB ""Aušros Vartų meno galerija"""
Ekonomikos ir investicijų d-tas,23 paslaugų kategorija BVPŽ kodas 79710000-4,322,,"6,569.60",Mokyklos apsaugos paslaugos,"UAB ""Trikampis žiedas"", UAB 'GRIFS AG"", UAB ""Apsaugos komanda"""
Personalo d-tas,24 paslaugų kategorija BVPŽ kodas 80522000-9,323,2011-11-30 PVM sąskaita faktūra Nr. 78 Lietuvos projektų vadybos asociacija,500.00,"Seminaro ""Organizacijos projektų valdymo kompetencijos, jų ugdymas ir projektų vadovų sertifikavimas"" pirkimas", Lietuvos projektų vadybos asociacija
Karoliniškių seniūnija,27 paslaugų kategorija BVPŽ kodas 79952000-2,324,"2011-12-27 sutartis Nr. A62-142(3.10.21-FN4) UAB ""Stebulė""","3,257.97",Kalėdinio renginio techninis aprūpinimas ir įgarsinimas,"UAB ""Stebulė"", UAB 'Vilniaus zunda"", UAB ""Trajana"""
Miesto ūkio ir transporto d-tas,BVPŽ kodas 45451100-4,325,pirkimas nepradėtas,,"Šventinio miesto papuošimo Vasario 16-osios, Kovo 11-osios, Mindaugo karūnavimo ir kitomis progomis darbai",
E.miesto d-tas,BVPŽ kodas 22200000-2,326,2011-12-28 SUTARTIS Nr. A68-36(3.10.23-FN4) Akcinė bendrovė Lietuvos paštas,"40,000.00",Vilniaus miesto savivaldybės administracijos laikraščių ir žurnalų prenumerata 2012 metams,"AB ""Lietuvos paštas"""
Saugaus miesto d-tas Viešosios tvarkos skyrius,BVPŽ kodas 35200000-6,327,"2011-12-23 PVM sąskaita faktūra Nr. 152 UAB ""DEVANA""","8,900.00",Elektrošokai,"UAB ""Baltic Arms"", UAB ""Explore Baltija"", UAB ""DEVANA"""
Justiniškių seniūnija,BVPŽ kodas 50700000-2,328,pirkimas nepradėtas,,Patalpų Rygos g. 15 administravimo ir priežiūros paslaugos,